SALON,Address,City,ST,Zip,DSC,Six Month Sale
2 DYE 4 SALON LLC,1013 MAIN ST,WOODWARD,OK,73801,Pam,44.36
20\20 OIL & GAS,115 S MAIN,HENNESSEY,OK,73742,Michael,263.39
210 SALON @ BRIXTON,7101 NW EXPRESSWAY ,OKLAHOMA CITY,OK,73132,Michael,5038.03
2ND AVENUE SPA & SALON,107 S 2ND ST,GUTHRIE,OK,73044,Michael,1402.57
33RD STREET SALON,3212 S BLVD,EDMOND,OK,73013,Michael,2779.75
50 PENN PLACE HAIR DESIGN,50 PENN PLACE,OKLAHOMA CITY,OK,73118,Michael,132.13
8TH STREET SALON,721 S OKLAHOMA ST,CHEROKEE,OK,73728,Pam,110.69
A BEAUTY SHOP,RT 2 BOX 23,SEILING,OK,73663,Pam,373.7
A CUT ABOVE,413 N 7TH ST,PERRY,OK,73077,Michael,0
A CUT ABOVE,709 MAIN ST,WOODWARD,OK,73801,Pam,460.14
A CUT FROM ABOVE,1005 N FLOOD,NORMAN,OK,73069,Vicki,0
A HAIRY SITUATION,28 W MACARTHUR,SHAWNEE,OK,74084,Vicki,0
A MINT PARLOUR,820 W 4TH ST ,STILLWATER,OK,74074,Michael,416.84
A NEW REFLECTION,232 W MAIN,MOORE,OK,73160,Vicki,0
A NEW YOU,8819 S SANTA FE,OKLAHOMA CITY,OK,73139,Vicki,1.49
A QUAINT SALON,1716 S POST RD ,MIDWEST CITY,OK,73170,Vicki,0
A TOUCH OF CLASS SALON,1220 MAIN ST,WOODWARD,OK,73801,Pam,87.21
A WILD HAIR,1413 MAIN,WOODWARD,OK,73801,Pam,0
A WILD HAIR,9212 N ROCKWELL,OKLAHOMA CITY,OK,73132,Pam,311.98
ABBY HILTERBRAND,2122 W MAPLE,ENID,OK,73703,Michael,136.09
ABOUT BEAUTY,2232 W WILLOW,ENID,OK,73703,Michael,393.5
ABOUT FACE,2232 W WILLOW,ENID,OK,73703,Michael,0
ACCENTUAL SALON & SPA,17200 N MAY AVE ,EDMOND,OK,73003,Pam,64.67
ACTION HAIR TEAM,2108 W LINDSEY,NORMAN,OK,73069,Vicki,82.27
AD SALON,1714 N VERMONT AVE,OKLAHOMA CITY,OK,73107,Michael,0
ADORABLE HAIR SALON,1115 S RANCHWOOD BLVD,YUKON,OK,73064,Pam,0
ADVANCE CUTS,11800 S MAY AVE,OKLAHOMA CITY,OK,73170,Vicki,21.95
AFFINITY,206 W RANDOLPH,ENID,OK,73701,Michael,3765.54
ALL ABOUT ATTITUDE,1139 SW 59TH,OKLAHOMA CITY,OK,73109,Pam,200.07
ALL ABOUT HAIR,1911 S SUNNYLANE  ,DEL CITY,OK,73115,Vicki,65
ALL ABOUT HAIR,2117 W OWEN K GARRIOTT RD,ENID,OK,73703,Michael,0
ALL ABOUT YOU SALON & SPA,7 NW 6TH ST,LAWTON,OK,73507,Vicki,1617.55
ALL AMERICAN HAIR,444 W STATE HIGHWAY 152,MUSTANG,OK,73064,Pam,28.44
ALL FOR HAIR,1119 SW 59TH,OKLAHOMA CITY,OK,73109,Pam,184.61
ALLEY CATS,3801 NW 63RD BLDG 3 ,OKLAHOMA CITY,OK,73116,Michael,2953.5
ALLURE SALON,1401 S DOUGLAS BLVD ,MIDWEST CITY,OK,73130,Vicki,1164.05
ALMOST HEAVEN,224 S MAIN ST,BLANCHARD,OK,73010,Vicki,336.11
ALOHA HAIR SALON,525 E HWY 152,MUSTANG,OK,73764,Pam,460.91
ALUSTRA SALON,5808 NE 63RD,OKLAHOMA CITY,OK,73132,Michael,36.29
AMANDA MARTIN,2524 CRESTWOOD,ENID,OK,73701,Michael,0
AMANDA SUMPTER,311 S NEW BETHEL BLVD,ADA,OK,74820,Vicki,160.83
AMAZING CUTS,845 NW 12,MOORE,OK,73160,Vicki,129.74
AMOR HAIR SALON,3200 SW 86TH ST,OKLAHOMA CITY,OK,73159,Pam,2970.5
AN ELEGANT TOUCH HAIR & NAIL SALON,6600 N MERIDAN ,OKLAHOMA CITY,OK,73116,Michael,1200.71
ANA'S,3021 SW 39TH,OKLAHOMA CITY,OK,73119,Pam,1487.32
ANA'S BEAUTY SALON,4904 NW 23RD,OKLAHOMA CITY,OK,73127,Pam,684.07
ANDREA JALAFF,1721 BRITTANY LN,EDMOND,OK,73003,Pam,9.36
ANDREA NELSON,118 NE 9TH ST,MOORE,OK,73160,Vicki,18.61
ANGELITA AND COMPANY,224 N MAIN,KINGFISHER,OK,73750,Michael,5763.75
ANGEL'S,2640 SW 25TH ,OKLAHOMA CITY,OK,73108,Pam,824.55
ANNA FLYNT,525 LOYD LANE,MOORE,OK,73160,Vicki,92.27
ANNE MARIE'S SALON,203 S MAIN ST,STILLWATER,OK,74074,Michael,1828.99
ANNOINTED CREATIONS SALON,1103 SW C AVE ,LAWTON,OK,73501,Vicki,0
ANOTHER DIMENSON,1200 AIR DEPOT  ,MIDWEST CITY,OK,73110,Vicki,0
ANTHONY DAVID HAIR SALON,2501 W MEMORIAL,OKLAHOMA CITY,OK,73134,Pam,151.72
ANTHONY DAVID PLATINUM,2229 NW 140TH  ,OKLAHOMA CITY,OK,73134,Michael,4165.33
ANTHONY DAVID SALON,1901 NW EXPRESSWAY,OKLAHOMA CITY,OK,73118,Michael,583.97
ANTHONY DAVID-MOORE,803 N MOORE AVE ,MOORE,OK,73160,Vicki,1616.13
ANTHONY DAVID-OKC,5916 NW 38TH ST,OKLAHOMA CITY,OK,73122,Michael,2246.54
ART HOUSE SALON,1432 W BRITTON RD ,OKLAHOMA CITY,OK,73114,Pam,532.86
ART OF BEAUTY SALON,443 SW 89TH ST,OKLAHOMA CITY,OK,73139,Vicki,216.02
ART OF IMAGE,35 E 15TH ST,EDMOND,OK,73013,Michael,376
ARTISAN SALON,630 E 14TH,ADA,OK,74820,Vicki,13127.51
ARTIST OF HAIR,925 W BRITTON RD,OKLAHOMA CITY,OK,73114,Pam,0
AT A GLANCE,1045 SW 89TH ,OKLAHOMA CITY,OK,73139,Vicki,1508.08
ATTITUDES,109 SE 3RD ST,MOORE,OK,73160,Vicki,0
ATTITUDES,112 N MAIN ST,KINGFISHER,OK,73750,Michael,2211.65
ATTITUDES,1725 N KICKAPOO,SHAWNEE,OK,74801,Vicki,62.95
AUTRY TECHNOLOGY CENTER,1201 W WILLOW,ENID,OK,73703,Michael,131.18
AZALON HAIR STUDIO,813 S MUSTANG RD,YUKON,OK,73099,Pam,2984.59
BACKSTREET SALON,2401 NW 23RD,OKLAHOMA CITY,OK,73132,Michael,141.49
BARCELONA SALON,1901 N BOOMER,STILLWATER,OK,74076,Michael,0
BARE ESSENTIALS,2839 S DOUGLAS BLVD ,MIDWEST CITY,OK,73130,Vicki,747.22
BARKING DOG BAKERY,7710 N MAY,OKLAHOMA CITY,OK,73116,Pam,75.53
BEATRIZ REUES-TORRES,1224 SW 55TH ST,OKLAHOMA CITY,OK,73109,Pam,153
BEAUTIFUL MAKEOVER,10802 QUAIL PLAZA DR,OKLAHOMA CITY,OK,73120,Pam,473.92
BEAUTY BIZZ,6401 NW EXPWAY ,OKLAHOMA CITY,OK,73132,Michael,46172.34
BEAUTY BOUTIQUE,1530 SW 119TH ,OKLAHOMA CITY,OK,73160,Vicki,2554.11
BEDLAM BARBER SHOP,904 S SOONER RD,OKLAHOMA CITY,OK,73165,Vicki,49.2
BEHIND THE SCENE,224 W GRAY ,NORMAN,OK,73069,Vicki,859.88
BELLA CAPELLI SALON,10621 S WESTERN AVE,OKLAHOMA CITY,OK,73170,Vicki,4327.82
BELLA DONNA SALON,201 N BROADWAY,MOORE,OK,73160,Vicki,123.68
BELLA E SALON,1198 LONNIE ABBOTT BLVD,ADA,OK,74820,Vicki,0
BELLA IMAGE,20266 E 1110 RD,ELK CITY,OK,73644,Pam,5846.13
BELLA ROSE,324 N 3RD STREET,DURANT,OK,74701,Pam,19.21
BELLA SALON,21 E 4TH ST,EDMOND,OK,73034,Michael,4986.09
BELLA SALON,410 SW 27TH ST,EL RENO,OK,73036,Pam,212.18
BELLA STRADA,3224 S BROADWAY,EDMOND,OK,73013,Michael,8793.4
BELLE VIE SALON & SPA,1130 RAMBLING OAKS DR,NORMAN,OK,73072,Vicki,91.87
BELLEFONTES,2750 S POST RD,MIDWEST CITY,OK,73170,Vicki,839.85
BELLEZA,1008 NW 46TH,OKLAHOMA CITY,OK,73118,Pam,312.02
BELLO NAIL & SPA,3410 S BROADWAY,EDMOND,OK,73013,Michael,14.43
BETHANY BEAUTY COLLEGE,3900 N PENIEL AVE,BETHANY,OK,73008,Michael,621.39
BETTER BODIES DAY SPA & SALON,1117 N SPURGEON,ALTUS,OK,73521,Vicki,246
BEVERLI BLACK,9224 COLBY CT,GUTHRIE,OK,73044,Vicki,256.11
BEYOND CLASSIC,7320 N EASTERN,MOORE,OK,73160,Vicki,35.87
BEYOND KOLOR,211 S 4TH ST ,YUKON,OK,73099,Pam,78
BILLIE'S BARBER SHOP,418 W MAIN ST,YUKON,OK,73099,Pam,0
BILL'S BARBER & STYLE,83 MONROE NORTHEAST,PIEDMONT,OK,73078,Pam,266.04
BLISS,7148 NW 112TH ST,OKLAHOMA CITY,OK,73162,Pam,221.89
BLISS SALON & SPA,112 W MAIN,WEATHERFORD,OK,73096,Pam,8189.86
BLUE JAYS BARBER SHOP,122 E BROADWAY,ENID,OK,73701,Michael,0
BOARDWALK SALON,5845 NW 72ND PLACE,OKLAHOMA CITY,OK,73132,Pam,1231.74
BOARDWALK SALON,5845 NW 72ND PLACE,WARR ACRES,OK,73132,Michael,131.95
BOB SHOP,3617 N W 19TH,OKLAHOMA CITY,OK,73107,Michael,211.97
BOBBIE'S BEAUTY SALON,936 SW 59TH STREET,OKLAHOMA CITY,OK,73109,Pam,244.26
BOBBY ORTEGA,15017 MADDER DR,EDMOND,OK,73013,Michael,0
BOBS STYLE SHOP,I40 MERIDIAN,OKLAHOMA CITY,OK,73108,Michael,0
BODY & HAIR SALON,6610 N MAY AVE,OKLAHOMA CITY,OK,73116,Pam,0
BODY LUXE SALON,210 N HOKE,STILLWATER,OK,74075,Michael,0
BODYTRENDS ELECTRO SPA & SALON,9327 N PENNSYLVANIA,OKLAHOMA CITY,OK,73120,Pam,5416.45
BOOMER'S,121 E WATERLOO,EDMOND,OK,73034,Michael,0
BORGATA SALON,9201 N PENNSYLVANIA AVENUE,OKLAHOMA CITY,OK,73120,Pam,2019.13
BOSS SALON,516 W BRITTON RD,OKLAHOMA CITY,OK,73120,Pam,77.03
BOULEVARD SALON,301 S BOULEVARD ,EDMOND,OK,73034,Michael,1299.31
BOULEVARD SPA & STYLE,1401 DOUGLAS BLVD,MIDWEST CITY,OK,73110,Vicki,0
BRADLEY BRIAN SALON,6512 NW EXPRESSWAY,OKLAHOMA CITY,OK,73132,Michael,627.09
BRENDA'S BEAUTY SALON,411 1/2 E HARISON AVE,GUTHRIE,OK,73044,Michael,0
B-RENUED,2411 HERITAGE TRAIL,ENID,OK,73703,Michael,3627.16
BROADWAY HAIR,515 N MADISON,BLANCHARD,OK,73010,Vicki,0
BROADWAY LITES,110 N BROADWAY,WEATHERFORD,OK,73096,Pam,0
BROWN & COMPANY,12411 N ROCKWELL,OKLAHOMA CITY,OK,73142,Pam,0
BUSHWACKERS,5103A N SHARTEL,OKLAHOMA CITY,OK,73118,Pam,139.84
BYNG COSMETOLOGY,500 S NEW BETHEL BLVD,ADA,OK,74820,Vicki,436.55
CABELLA SALON,426 E 2ND,EDMOND,OK,73034,Michael,1538.99
CAMEO BEAUTY SHOP,409 MAIN STREET,WOODWARD,OK,73801,Pam,74.21
CAMEO SALON & SPA,1113 NW 50TH ST,OKLAHOMA CITY,OK,73118,Michael,3127.47
CAMEO SALON & SPA,1113 NW 50TH ST,OKLAHOMA CITY,OK,73118,Pam,1972.32
CAMILLIA'S,10966 N MAY AVE,OKLAHOMA CITY,OK,73120,Pam,898.32
CANADIAN VALLEY TECHNOLOGY CENTER,6505 E HWY 66,EL RENO,OK,73036,Pam,11636.21
CAPELLO SALON,9420 N MAY AVE,OKLAHOMA CITY,OK,73120,Pam,4379.43
CARLA UGLUM,2298 BIRCH AVE,PIEDMONT,OK,73078,Pam,0
CARLA'S CUTS & CURLS,109 1/2 S NOBLE,WATONGO,OK,73772,Pam,495.71
CARMICHAELS SALON,190 NE 12TH ST,MOORE,OK,73160,Vicki,420.84
CAROLYN BOYDSTUN,4708 NW 73RD,OKLAHOMA CITY,OK,73132,Michael,56.65
CASADY STYLE SHOP,9630 N MAY AVE,OKLAHOMA CITY,OK,73120,Pam,1996.08
CATHERINE MILLER,2217 SW 27TH ST,OKLAHOMA CITY,OK,73108,Michael,164.12
CELESTE SALON & DAY SPA,2501 W MEMORIAL RD ,OKLAHOMA CITY,OK,73134,Pam,710.26
CENTRAL HAIR & NAIL,3518 N MACARTHUR,OKLAHOMA CITY,OK,73122,Michael,94.86
CENTRAL STATE BEAUTY ACADEMY,8494 NW EXPRESSWAY,OKLAHOMA CITY,OK,73162,Michael,6214.48
CHAD BARTON'S SCHOOL,1530 SW 89TH,OKLAHOMA CITY,OK,73159,Vicki,0
CHANGES,604 N VAN BUREN,ENID,OK,73703,Michael,965.55
CHARITY SORRELLS,RT1 BOX 4540,ANTLERS,OK,74523,Vicki,33.4
CHATEAU SALON,10001 S PENNSYLVANIA ,OKLAHOMA CITY,OK,73159,Vicki,1172.71
CHERLYN'S STYLE SHOPPE,1414 MAIN ST,WOODWARD,OK,73801,Pam,2036.94
CHERYL & CO,215 SE SOONER RD,DEL CITY,OK,73115,Vicki,489.71
CHERYL'S HAIR DESIGNS,1415 KAW,PERRY,OK,73077,Michael,171.34
CHEZ LA FEMME,200 S MAIN,HENNESSEY,OK,73742,Michael,509.42
CHISHOLM TRAIL VET HOSPITAL,211 S CZECH HALL RD,YUKON,OK,73099,Pam,95.6
CHOPPERS,6748 NW 39TH ,BETHANY,OK,73008,Michael,3561.62
CHOPS SALON,5123 N WESTERN,OKLAHOMA CITY,OK,73118,Pam,0
CHROME SALON,3504 E BURRIS RD,GLENCOE,OK,74032,Michael,1462.92
CINDY'S HAIR DESIGN,111 E MILES AVE,KINGFISHER,OK,73750,Michael,152.57
CITY LOOKS,715 NW 32ND PL,NEWCASTLE,OK,73065,Vicki,61.28
CITY SALON,5900 NW 49TH ST,OKLAHOMA CITY,OK,73122,Michael,2.96
CJ & FRIENDS,1347 GATEWAY ,MIDWEST CITY,OK,73110,Vicki,46.7
CJ'S THERAPEUTIC TOUCH,1509 E PERKINS,GUTHRIE,OK,73044,Michael,33
CLASSIC HAIR & NAILS,2225 S AIR DEPOT,MIDWEST CITY,OK,73110,Vicki,86.86
CLASSIC STYLING,550 W MAIN,NORMAN,OK,73069,Vicki,51.5
CLASSICS SALON & BARBER,57 E 15TH ST,EDMOND,OK,73013,Michael,2876.72
CLASSY CUT,602 W OWEN K GARRIOTT,ENID,OK,73701,Michael,594.89
CLIP N CUTS,7128 NW 23RD STREET,BETHANY,OK,73008,Michael,100.09
CLIPS AND HIPS,4822 MACARTHUR BLVD,WARR ACRES,OK,73122,Michael,372.42
COCOPELLI'S,8724 SE 15TH,MIDWEST CITY,OK,73110,Vicki,1215.71
COLOR ME GORGEOUS,333 W MOORE ST,ENID,OK,73701,Michael,1784.24
COMPLEXIONS,11956 N MAY AVE,OKLAHOMA CITY,OK,73120,Pam,236.86
CONNIE'S HAIR SALON,2900 N CLASSEN ,OKLAHOMA CITY,OK,73106,Michael,853.8
CORONADO & CO,11900 N PENN,OKLAHOMA CITY,OK,73120,Pam,354.41
COSMOPOLITAN,2921 SW 89TH ST ,OKLAHOMA CITY,OK,73159,Vicki,1199.21
COTTAGE HAIR DESIGN,6211 N MERIDIAN,OKLAHOMA CITY,OK,73112,Michael,245.06
COTTONWOOD SALON SPA,35 E 33RD,EDMOND,OK,73013,Michael,120.01
COUNTRY BARBER,21005 SE 29TH ST,HARRAH,OK,73045,Vicki,73.42
COUTOUR SALON & SPA,207 N MAIN,KINGFISHER,OK,73750,Michael,882.97
CRAZY BEAUTIFUL HAIR LOUNGE,5581 NW EXPRESSWAY,OKLAHOMA CITY,OK,73132,Michael,0
CREATIVE COLOURS HAIR,53 E 15TH ST,EDMOND,OK,73013,Michael,6727.66
CREATIVE CUTS,16840 COUNTY RD 3557,ADA,OK,74820,Vicki,62.41
CREATIVE CUTS,501 OKLAHOMA,GUTHRIE,OK,73044,Michael,975.19
CRIMSON SALON,111 HAL MULDROW DRIVE,NORMAN,OK,73069,Vicki,294.83
CURL-N-FADE,216 W MAIN,ADA,OK,74820,Vicki,554.99
CUSTOM CUTS & STLYE,4603 SE 29TH ST,DEL CITY,OK,73115,Vicki,0
CUSTOM CUTS & STYLE,4603 SE 29TH ST,DEL CITY,OK,73115,Vicki,104.23
CUT & COLOR LAB,4301 NW 63RD ,OKLAHOMA CITY,OK,73116,Michael,1802.03
CUT A CABANA,6200 E MCELROY,STILLWATER,OK,74075,Michael,0
CUT CONNECTION,6029 SE 84TH PLACE,OKLAHOMA CITY,OK,73135,Vicki,0
CUT LOOSE,110 W MAIN STREET,HINTON,OK,73047,Pam,116.26
CUT UPS,16317 N SANTA FE,EDMOND,OK,73013,Michael,138.3
CUT'N LOOSE,708 W 15TH ST ,EDMOND,OK,73013,Michael,8332.06
CUTS COLORS & CURLS,1245 INDEPENDENCE ST,LUCIEN,OK,73757,Michael,788.88
CUTTERS EDGE,12403 N ROCKWELL,OKLAHOMA CITY,OK,73142,Pam,1323.13
CUTTIN CORNERS HAIR SPA,400 S BROADWAY ,EDMOND,OK,73034,Michael,432.37
CUTTIN LOOSE,8816 S PENN ,OKLAHOMA CITY,OK,73159,Vicki,71.67
CUTTING EDGE,109 W MAIN ST,MOORE,OK,73160,Vicki,113.34
CUTTING EDGE FAMILY STYLE SHOP,105 S EASTERN AVE,MOORE,OK,73160,Vicki,18.68
CUTTING EDGE HAIR STUDIO,600 W MAIN ST,NORMAN,OK,73069,Vicki,107.97
CUTTING EDGE SALON,209 N MAIN,KINGFISHER,OK,73750,Michael,131.15
CUTTING EDGE SALON,209 N MAIN,KINGFISHER,OK,73750,Pam,469
CUTZ,300 W GRAY,NORMAN,OK,73069,Vicki,1227.17
D S SPALON,21001 SE 29TH ST,HARRAH,OK,73045,Vicki,0
D SALON,217 W MAIN,PURCELL,OK,73080,Vicki,739.92
DALLAS & CO,10487 N MAY AVE,OKLAHOMA CITY,OK,73120,Pam,3524.89
DANNA'S ESTETICA FAMILIAR,3452 SW 29TH ST,OKLAHOMA CITY,OK,73119,Pam,88.36
DARENA'S,422 N E 2ND ST,PERKINS,OK,74059,Michael,75.97
DARREL BARBER SHOP,8801 S SANTE FE,OKLAHOMA CITY,OK,73139,Vicki,179.35
DARRELL'S,116 W CHARLESTON,PAULS VALLEY,OK,73075,Vicki,0
DAVENPORT'S SALON,7634 N WESTERN,OKLAHOMA CITY,OK,73116,Michael,3012.8
DAZZLE,120 W MACARTHUR,SHAWNEE,OK,74804,Vicki,194.05
DEANNA CLARK,11428 BLUFF CREEK DR,OKLAHOMA CITY,OK,73116,Pam,240.3
DEJAVU,7733 S WALKER,OKLAHOMA CITY,OK,73139,Vicki,1946.45
DEJAVU SALON,600 N MAIN,BLANCHARD,OK,73010,Vicki,1246.21
DESIGNERS PLUS,12200 N MAY NORTHPARK,OKLAHOMA CITY,OK,73120,Pam,1208.34
DETAIL'S SALON,7427 NW 23RD ST,BETHANY,OK,73008,Michael,0
DIMENSIONS,3299 US HWY 75,HOLDENVILLE,OK,74848,Vicki,1250.83
DIVA SALON,8623 S WESTERN,OKLAHOMA CITY,OK,73139,Vicki,4609.15
DIVINE ELEGANCE,1432 W BRITTON RD,OKLAHOMA CITY,OK,73114,Pam,83.6
DJ'S HAIR STUDIO,3228 NW 22ND ST,OKLAHOMA CITY,OK,73107,Michael,754.45
DK SALON,13917 N MAY,OKLAHOMA CITY,OK,73134,Pam,1377.93
D'KACHE,2601 S MAY,OKLAHOMA CITY,OK,73108,Pam,1937.74
DMR SALON,9212 N ROCKWELL AVE ,OKLAHOMA CITY,OK,73132,Pam,202.01
DOLLFACE BEAUTY BAR,1615 S MUSTANG RD,YUKON,OK,73099,Pam,1114.48
DOLLFACE BEAUTY BAR,712 S MUSTANG RD,YUKON,OK,73099,Pam,2988.21
DONNA'S RAZOR CUTS,204 SE 4TH ST,MOORE,OK,73160,Vicki,584.04
DOUGLAS HAIR DESIGN,101 N DOUGLAS BLVD,MIDWEST CITY,OK,73130,Vicki,851.27
DOWNTOWNS FAMILY HAIR,609 S MAIN,STILLWATER,OK,74074,Michael,0
DRAGONFLY SALON,7550 N MAY AVE ,OKLAHOMA CITY,OK,73116,Pam,7255.35
DREAM WEAVERS @ J K HAIR COMPANY,44 E 15TH ST,EDMOND,OK,73013,Michael,7220.53
DUESORELLA SALON,314 N ROCKFORD,ARDMORE,OK,73401,Pam,109.95
DUNCAN BROTHERS HAIR DESIGN-EDMOND,3409 N BROADWAY ,EDMOND,OK,73013,Pam,1420.17
DUNCAN BROTHERS HAIR DESIGN-OKC,6008 S WESTERN,OKLAHOMA CITY,OK,73139,Pam,136.92
DUNCAN BROTHERS-EDMOND,3601 S BROADWAY,EDMOND,OK,73013,Michael,1891.58
DUNCAN BROTHERS-EDMOND,3601 S BROADWAY,EDMOND,OK,73013,Pam,533.41
DUNCAN BROTHERS-NORTH PENN PLAZA,5625 N PENN,OKLAHOMA CITY,OK,73112,Pam,717.5
DUNCAN BROTHERS-QUAIL SPRINGS MALL,2501 W MEMORIAL RD,OKLAHOMA CITY,OK,73134,Pam,406.36
E MCCURDY,2545 NW 25TH ST,OKLAHOMA CITY,OK,73107,Michael,0
EASY TAN & HAIR,116 S ROCK ISLAND,EL RENO,OK,73036,Pam,873.14
ECLIPS,16604 N WESTERN AVE,EDMOND,OK,73012,Michael,109.53
E'CLIPS SALON & SPA,350 W VANDAMENT,YUKON,OK,73099,Pam,887.51
EDEN SALON,12200 WARWICK DR,OKLAHOMA CITY,OK,73162,Pam,695.91
EDMOND BARBER SHOP,8 WEST 1ST,EDMOND,OK,73003,Michael,0
ELEMENTS,911 E MACARTHUR ,SHAWNEE,OK,74804,Vicki,0
ELEVATION SALON,3617 N MERIDIAN ,OKLAHOMA CITY,OK,73112,Michael,5026.38
ELIO,7108 N WESTERN AVE,OKLAHOMA CITY,OK,73116,Pam,1618.89
ELIZABETH HARGER,1806 W MAIN,ENID,OK,73703,Michael,951.39
ELLE SALON,1014 NW 150TH,EDMOND,OK,73013,Michael,2478.88
ELLEN BENNITT,PO BOX 478,PIEDMONT,OK,73078,Pam,78.32
EMBELLISH,6602 N WESTERN,OKLAHOMA CITY,OK,73116,Pam,9474.84
EMILY'S SALON,708 W 15TH ST ,EDMOND,OK,73013,Michael,55
EN VOGUE SALON & SPA,10600 S PENNSYLVANIA AVE ,OKLAHOMA CITY,OK,73170,Vicki,7732.05
ENCORE SALON,9618 N MAY AVE,OKLAHOMA CITY,OK,73120,Pam,61.86
END ZONE,315 TYLER,BLANCHARD,OK,73010,Vicki,235.97
EPOCH ENTERPRISES(SUPERCUTS),2010 W ANKLAM ,TUSCON,OK,85745,Pam,0
EPWORTH VILLA,14900 N PENN,OKLAHOMA CITY,OK,73120,Pam,44.54
ESTETICA,1512 SW 29TH,OKLAHOMA CITY,OK,73119,Pam,4756.09
ESTETICA BUENO IMPRESSION,2822 S AGNEW,OKLAHOMA CITY,OK,73108,Pam,134.99
ESTETICA DIAZ,2904 S MAY,OKLAHOMA CITY,OK,73119,Pam,4.4
ESTETICA ELISA,4901 NW 23RD,OKLAHOMA CITY,OK,73127,Pam,95.95
ESTETICA EN-MI CASA,1500 SW 30TH,OKLAHOMA CITY,OK,73119,Pam,41.73
ESTETICA FAMILIAR UNISEX,4401 S PENN,OKLAHOMA CITY,OK,73119,Pam,1912.21
ESTETICA GAILILEA,1139 SW 59TH,OKLAHOMA CITY,OK,73159,Pam,0
ESTETICA GALILEA #1,525 SW 29TH ST,OKLAHOMA CITY,OK,73109,Pam,44.96
ESTETICA IRMA'S,3225 S WESTERN,OKLAHOMA CITY,OK,73109,Pam,1207.1
ESTETICA NATILIE,1308 SW 36TH,OKLAHOMA CITY,OK,73129,Pam,1106.75
ESTETICA PALMAS,4221 S AGNEW,OKLAHOMA CITY,OK,73119,Pam,959.16
ESTETICA PASSION,4200 S MAY AVE ,OKLAHOMA CITY,OK,73119,Pam,0
ESTETICA REINA,3225 S WESTERN,OKLAHOMA CITY,OK,73109,Pam,34.04
ESTETICA TAURU'S,928 SW 59TH,OKLAHOMA CITY,OK,73109,Pam,546.19
ESTETICA YOLY'S,206 SW 44TH ST,OKLAHOMA CITY,OK,73109,Pam,0
EVE'S & LULU D'S,610 S KELLY AVE ,EDMOND,OK,73003,Michael,22164.95
EVOLUTION SALON,2144 W BRITTON RD,OKLAHOMA CITY,OK,73120,Pam,519.91
EXCLAMATIONS,604 N VAN BUREN,ENID,OK,73703,Michael,0
EXCLUSIVE SHEARS,925 W BRITTON RD,OKLAHOMA CITY,OK,73114,Pam,0
EXCLUSIVELY SHIRLEY'S,3620 N MERIDIAN,OKLAHOMA CITY,OK,73112,Michael,0
EXPRESSIONS,309 E WASHINGTON,CRESCENT,OK,73028,Michael,271.52
EXPRESSIONS GIFT SHOP-ATTITUDES SALO,1725 N KICKAPOO AVE,SHAWNEE,OK,74804,Vicki,89.7
EXPRESSWAY SALON,2525 NW EXPRESSWAY,OKLAHOMA CITY,OK,73112,Michael,826.21
EXTREME HAIR,739 SW 89TH,OKLAHOMA CITY,OK,73139,Vicki,12.09
FACES AND MORE,12054 N MAY AVE,OKLAHOMA CITY,OK,73120,Pam,410.07
FAMILY CUTS,3119 N PENN,OKLAHOMA CITY,OK,73112,Michael,173.86
FANCY NAIL & HAIR,5604 NW EXPRESSWAY,OKLAHOMA CITY,OK,73132,Michael,65.58
FANCY NAILS,12318 N MAY AVE,OKLAHOMA CITY,OK,73120,Pam,0
FANCY NAILS,3410 S BROADWAY,EDMOND,OK,73013,Michael,0
FANTASTIC 5,4707 OWEN K GARRIOTT,ENID,OK,73703,Michael,562.93
FANTASTIC DESIGNS,204 N 7TH,KINGFISHER,OK,73750,Michael,325.32
FASHION HAIR STUDIO,2345 SW 30TH ST,OKLAHOMA CITY,OK,73119,Pam,209.45
FELICITY SALON,7814 NW 94TH,OKLAHOMA CITY,OK,73162,Michael,866.62
FINAL CUT,6700 N CLASSEN BLVD,OKLAHOMA CITY,OK,73116,Michael,10414.35
FINESSE AT ECLIPSE SALON,267 34TH AVE SW,NORMAN,OK,73072,Vicki,405.43
FINGER PAINTS NAIL SAL,9212 N ROCKWELL ,OKLAHOMA CITY,OK,73132,Pam,197.64
FINISHING TOUCH,736 NW 92ND,OKLAHOMA CITY,OK,73114,Pam,86.78
FIRESIDE WELLNESS,610 S CLEVELAND  ,ENID,OK,73703,Michael,43.32
FIXATIONS,1120 N DUCK,STILLWATER,OK,74076,Michael,6977.3
FLORYS BEAUTY CENTER,3317 NW 23RD ST,OKLAHOMA CITY,OK,73107,Michael,1458.7
FLUX SALON,1 NE 2ND ST ,OKLAHOMA CITY,OK,73104,Vicki,0
FORGUE DESIGN GROUP,1107 NW 41ST ST,OKLAHOMA CITY,OK,73118,Pam,1461.21
FRANCIS BEAUTY SALON,121 N DIVISION,GUTHRIE,OK,73044,Michael,0
FRANCIS TUTTLE VO-TECH,12777 N ROCKWELL,OKLAHOMA CITY,OK,73142,Pam,9579.6
FRANCIS TUTTLE VO-TECH,7301 W RENO AVENUE,OKLAHOMA CITY,OK,73142,Pam,3376.89
FRIENDZ,2230 W WILLOW,ENID,OK,73703,Michael,1295.5
FRINGE SALON,3414 NW CACHE RD ,LAWTON,OK,73505,Vicki,1670.68
FRINGE SALON,5370 NW CACHE RD ,LAWTON,OK,73505,Vicki,460.03
FX SALON,6909 W HEFNER RD ,OKLAHOMA CITY,OK,73132,Pam,3364.68
GAME TIME CUTS,510 W 6TH ST,STILLWATER,OK,74074,Michael,815.35
GENERATIONS,8906 S WESTERN AVE,OKLAHOMA CITY,OK,73139,Vicki,0
GENESIS,211 N PERKINS ,STILLWATER,OK,74075,Michael,669.43
GET GLOWING,501 S MUSTANG RD ,YUKON,OK,73099,Pam,286.92
GEVONKAY'S HAIR FASHIO,902 W BRITTON RD,OKLAHOMA CITY,OK,73114,Pam,20.91
GI HAIR SALON,5529 SE 15TH ,DEL CITY,OK,73115,Vicki,150.37
GIGI'S SALON,7901 NE 10TH ,MIDWEST CITY,OK,73110,Vicki,21.5
GLAMOUR BEAUTY SALON,5811 S WESTERN,OKLAHOMA CITY,OK,73159,Pam,250.84
GLEN & MEL'S HAIR FASH,10709 S WINSTON WAY,OKLAHOMA CITY,OK,73170,Vicki,164.72
GLENDA'S,45 AUTUMN DRIVE,LAWTON,OK,73507,Vicki,172.39
GLO HAIR SALON,2302 N PERKINS RD,STILLWATER,OK,74075,Michael,2372.09
GLOW SALON,1212 S FERRY,NORMAN,OK,73072,Vicki,2083.32
GOLDEN AGE NURSING HOM,419 E OKLAHOMA,GUTHRIE,OK,73044,Michael,24.22
GRAPEVINE SPA,11032 QUAIL CREEK ,OKLAHOMA CITY,OK,73120,Pam,110.55
GREAT EXPECTATIONS,1502 S JENSEN,EL RENO,OK,73036,Pam,6.04
GREAT LOOKS,10708 N MAY AVE,OKLAHOMA CITY,OK,73120,Pam,0
GREENBRIER BEAUTY SHOP,1329 GANNON,ENID,OK,73703,Michael,0
GUINN'S SALON,4517 N WESTERN AVE,OKLAHOMA CITY,OK,73118,Pam,1498.69
HAIR & COLOR SPECIALIST,8950 S WESTERN AVE,OKLAHOMA CITY,OK,73139,Vicki,37.64
HAIR & NAIL STUDIO,1530 S CHOCTAW RD,CHOCTAW,OK,73020,Vicki,0
HAIR BIZ,115 E VANDEMENT,YUKON,OK,73099,Pam,0
HAIR BY ANDREA,1201 SUNSET,ENID,OK,73703,Michael,0
HAIR BY BRYNDA,RT 1 BOX 146,COVINGTON,OK,73730,Michael,92.77
HAIR CENTRAL,300 N BROADWAY,MOORE,OK,73160,Vicki,17.04
HAIR CLUB,5100 N BROOKLINE AVE ,OKLAHOMA CITY,OK,73112,Pam,0
HAIR CONNECTION,315 W ELM,EL RENO,OK,73036,Pam,659.9
HAIR CUTS & CURLS,103 S 7TH,PERRY,OK,73077,Michael,709.42
HAIR ESSENTIALS,7901 NE 10TH SUITE ,MIDWEST CITY,OK,73110,Vicki,0
HAIR EXPRESSIONS,927 S CORNWELL,YUKON,OK,73099,Pam,1167.61
HAIR EXTRAVAGANZA,113 W PAUL ST,PAULS VALLEY,OK,73075,Vicki,376.16
HAIR FANATICS,7831 NW 94TH,OKLAHOMA CITY,OK,73162,Michael,45.23
HAIR FROM THE HEART,7051 E RENO AVE,MIDWEST CITY,OK,73110,Vicki,321.15
HAIR HOUSE,200 S RANCHWOOD ,YUKON,OK,73099,Pam,231.02
HAIR I AM,6825 N BROADWAY,EDMOND,OK,73034,Michael,2228.48
HAIR INSIGHTS,126C W MAIN,YUKON,OK,73099,Pam,89.08
HAIR JAMMERS,119 W ADMIRE ST,KINGFISHER,OK,73750,Michael,0
HAIR LOUNGE BY MIRANDA,9419 N MAY,OKLAHOMA CITY,OK,73120,Pam,1567.45
HAIR MOJO SALON,1200-A N BROADWAY,ADA,OK,74820,Vicki,7543.16
HAIR NATURALLY,616 CEDAR ST,PERRY,OK,73077,Michael,1154.98
HAIR ODYSSEY,4700 N MACARTHUR ,WARR ACRES,OK,73122,Michael,193.01
HAIR PORT,6122 E RENO,MIDWEST CITY,OK,73110,Vicki,1937.95
HAIR RAGE,8946 S WESTERN,OKLAHOMA CITY,OK,73139,Vicki,982.23
HAIR RAGE 2,904 NE 23RD ST,OKLAHOMA CITY,OK,73106,Michael,365.09
HAIR RAGE 4,520 W I-240 SERVICE RD,OKLAHOMA CITY,OK,73139,Vicki,747.15
HAIR RAGE III,521 N TELEPHONE RD,MOORE,OK,73160,Vicki,727.14
HAIR RAGE SALON V,1115 S SOONER RD,MIDWEST CITY,OK,73110,Vicki,187.42
HAIR RAGE VI,4401 W MEMORIAL RD ,OKLAHOMA CITY,OK,73134,Michael,248.98
HAIR RAGE VI,4401 W MEMORIAL RD ,OKLAHOMA CITY,OK,73134,Pam,2283.58
HAIR RAZOR DESIGNS,1940 NW 164TH,EDMOND,OK,73013,Pam,1238.14
HAIR RAZZORS,229 E TRADE CENTER,MUSTANG,OK,73064,Pam,1339.41
HAIR SALON,2800 NW 63RD ST ,OKLAHOMA CITY,OK,73116,Pam,0
HAIR SALOON,6639 NW 36TH,BETHANY,OK,73008,Michael,795.7
HAIR SMITH'S,205 N MAIN,BLANCHARD,OK,73010,Vicki,219.9
HAIR SOLUTIONS,3321 SOUTH BLVD,EDMOND,OK,73013,Michael,1584.86
HAIR SPA,2100 S TRIPLEX,CHOCTAW,OK,73020,Vicki,240.24
HAIR STRATEGY,315 E BROADWAY,ALTUS,OK,73521,Vicki,0
HAIR TAKERS,7019 SE 15TH,MIDWEST CITY,OK,73110,Vicki,0
HAIR TALK & TAN,103 AMBERWOOD CT,MCLOUD,OK,74851,Vicki,0
HAIR TECH INC,2220 SW 74TH ST,OKLAHOMA CITY,OK,73159,Vicki,0
HAIR UNLIMITED,3426 S BLVD,EDMOND,OK,73013,Michael,1258.57
HAIR WE ARE,1000 N EASTERN,MOORE,OK,73160,Vicki,631.33
HAIRITAGE STYLE STOP,118 W OKLAHOMA,GUTHRIE,OK,73044,Michael,83.52
HAIRTIQUES,118 W RANDOLPH,ENID,OK,73701,Michael,7883.54
HAIRWAY TO HEAVEN,605 S MAIN ST,ELK CITY,OK,73644,Pam,120.92
HAIRY SITUATIONS,1419 E WRANGLER,SEMINOLE,OK,74868,Vicki,929.44
HAIRY'S,2106 S 29TH ST,CHICKASHA,OK,73018,Vicki,0
HAND CARVED HAIR,624 E OKLAHOMA,GUTHRIE,OK,73044,Michael,802.66
HAPPY CUTS,6709 NW 23RD ST,BETHANY,OK,73008,Michael,1294.68
HAPPY HAIR DESIGN,2216 SW 59TH ST,OKLAHOMA CITY,OK,73119,Pam,0
HEAD HUNTERS,12302 N MAY AVE,OKLAHOMA CITY,OK,73120,Pam,6077.27
HEADS UP,110 SUNSET PLAZA,ENID,OK,73703,Michael,708.48
HEADS UP STYLE SHOP,501 NE 12TH ST,MOORE,OK,73160,Vicki,184.28
HEADS WEST,9212 N ROCKWELL S,OKLAHOMA CITY,OK,73132,Pam,0
HEARTQUEST,1216 W WILLOW RD ,ENID,OK,73703,Michael,2211.86
HEATHER'S,1011 N BROADWAY ST,TECUMSEH,OK,74873,Vicki,0
HELLO GORGEOUS,1116 N SPURGEON,ALTUS,OK,73521,Vicki,384.45
HELLO GORGEOUS,14911 CR 3544,ADA,OK,74820,Vicki,470.88
HELLO GORGEOUS,219 S WASHINGTON,STILLWATER,OK,74074,Michael,3560.06
HERITAGE COLLEGE,7111 S I-35 SERVICE RD ,OKLAHOMA CITY,OK,73149,Vicki,30.14
HIGH MAINTENANCE,408 N TELEPHONE RD,MOORE,OK,73160,Vicki,1039.89
HI-LIGHT,414 S GREEN,PURCELL,OK,73180,Vicki,0
HI-LIGHTS ACADEMY,7801 NW 94TH ST,OKLAHOMA CITY,OK,73162,Michael,0
HI-LIGHTS STUDIO SALON,9418 N COUNCIL RD,OKLAHOMA CITY,OK,73162,Michael,492.09
HOLLYWOOD COSMETOLOGY CENTER,1708 W LINDSEY,NORMAN,OK,73069,Vicki,0
HOLLYWOOD GLAM SALON,1200 12TH AVE ,NORMAN,OK,73071,Vicki,403.51
HOLLYWOOD HI-LITES,1620 SW 89TH ,OKLAHOMA CITY,OK,73159,Vicki,0
HOT HEADS,12130 W RENO,OKLAHOMA CITY,OK,73085,Pam,2356.22
HOT HEADS,9224 S SHIELDS,OKLAHOMA CITY,OK,73160,Vicki,498.57
HOT HEADS HAIR DESIGN,7101 NW EXPRESSWAY ,OKLAHOMA CITY,OK,73132,Michael,205.33
HOT TOOLS SALON,215 S PERKINS RD,STILLWATER,OK,74074,Michael,2092.59
HOUSE OF BEAUTY,1905 SEQHOYAH LANE,NEWCASTLE,OK,73065,Vicki,0
HOW DO YOU WANT IT,1617 SW 39TH ST,OKLAHOMA CITY,OK,73119,Pam,620.87
IHLOFF SALON-BROOKHAVEN VILLAGE,3720 W ROBINSON ST ,NORMAN,OK,73072,Vicki,1216
ILLUSIONS SALON,807 OVERLAND TRAIL,ENID,OK,73703,Michael,0
IMAGE SALON,1618 E HWY 152,MUSTANG,OK,73064,Pam,1914
IMAGEQUEST SPA & SALON,722 E INDEPENDENCE,SHAWNEE,OK,74804,Vicki,0
IMAGES,161 SE 15TH,EDMOND,OK,73013,Michael,91.64
IMAGES,220 N MAIN,KINGFISHER,OK,73750,Michael,22.55
IMAGES BY JUDY,2519 SW 59TH ST,OKLAHOMA CITY,OK,73119,Pam,0
IMAGES SALON,161 W 15TH,EDMOND,OK,73013,Michael,0
IMAGINE PAUL MITCHELL PARTNER SCHOOL,3030 WILLIAM PEREIRA DRIVE,NORMAN,OK,73072,Vicki,32544.69
IMAGINE YOURSELF SALON,3608 NW 50TH,OKLAHOMA CITY,OK,73112,Pam,0
IMPRESSIONS,232 B EAST LAHOMA RD,LAHOMA,OK,73754,Michael,0
IMPULSE SALON,12120 WARWICK ,OKLAHOMA CITY,OK,73162,Pam,7320.37
IN STYLE 2,2837 SW 44TH STE ,OKLAHOMA CITY,OK,73119,Pam,296.05
INCREDIBLE CUTS,250 N MUSTANG RD,MUSTANG,OK,73064,Pam,937.73
INDULGE,520 S LOWRY,STILLWATER,OK,74075,Michael,8280.81
INDULGE SALON,12325 N MAY ,OKLAHOMA CITY,OK,73120,Pam,1219.08
INJI SALON,211 S 4TH ST ,YUKON,OK,73099,Pam,1676.82
INSIDE-OUT,1204 E MAIN,WEATHERFORD,OK,73096,Pam,718.34
J & COMPANY,7716 N MAY AVE,OKLAHOMA CITY,OK,73116,Pam,1440.05
J KARL SALON,9040 S WESTERN AVE,OKLAHOMA CITY,OK,73139,Vicki,0
JACHE JE'S SALON SPA,115 W MAIN,ADA,OK,74820,Vicki,0
JANICE SCHORNICK,1212 W CEDAR AVE,DUNCAN,OK,73533,Vicki,0
JASMINE HAIR SALON,7000 CROSSROADS BLVD,OKLAHOMA CITY,OK,73149,Vicki,0
JAVON'S STYLE SHOP,8014 N WESTERN,OKLAHOMA CITY,OK,73114,Pam,19.78
JB'S 2 BARBER & HAIR SALON,5801 W BRITTON RD,OKLAHOMA CITY,OK,73132,Pam,22.55
JC PENNEY-SHOP@MOORE,2400 S SERVICE RD,MOORE,OK,73160,Vicki,42.8
JC'S FUNKY HAIR RANCH,22 E 3RD,EDMOND,OK,73034,Michael,16551.25
JEFF JOHNSON HAIR DESI,536 SW 54TH ST,OKLAHOMA CITY,OK,73109,Pam,0
JENNIE'S HAIR & NAILS,5232 N MERIDIAN,OKLAHOMA CITY,OK,73112,Michael,39.18
JENNIFER MEYER,11001 DAVIS ST,OKLAHOMA CITY,OK,73162,Pam,0
JENNY RUSH'S SALON,9440 N MAY AVE,OKLAHOMA CITY,OK,73120,Pam,2756.92
JERRI'S CUSTOM CUTS,1212 CORNWELL,YUKON,OK,73099,Pam,22.55
JON RIC INTERNATIONAL MEDSPA,1229 E 33RD ST,EDMOND,OK,73013,Michael,2142.42
JORGIE LUSTY,3517 MARSTEN CIR,OKLAHOMA CITY,OK,73120,Michael,350.96
JOSORA,8825 S WESTERN,OKLAHOMA CITY,OK,73139,Vicki,1054.77
JOY'S HAIR FASHIONS,2104 N KICKAPOO,SHAWNEE,OK,74801,Vicki,0
JUDITH HEFFLEY,82 W MIMOSA RD,STILER,OK,74462,Vicki,0
JUDY'S FAMILY HAIR,1181 E 2ND ST,EDMOND,OK,73034,Michael,6724.5
JULIANA VOTH,302 1ST ST,KREMLIN,OK,73752,Michael,1446.24
JULIANNA BAYLESS,4407 N WHEELER,BETHANY,OK,73008,Michael,33.11
KARMA SALON & BOUTIQUE,1615 S MUSTANG RD,YUKON,OK,73099,Pam,3124.58
KAROL SALON,1021 SW 51 ST,OKLAHOMA CITY,OK,73109,Pam,0
KARV SALON,14513 N SANTA FE,EDMOND,OK,73013,Michael,8038.09
KASI'S CUT & KOLOR,4601 NW 23RD ST ,OKLAHOMA CITY,OK,73127,Michael,152.14
KASI'S CUT N KOLOR,4601 NW 23RD ST ,OKLAHOMA CITY,OK,73127,Michael,127.44
KATHY MORGAN SKIN CARE,6051 N BROOKLINE ,OKLAHOMA CITY,OK,73112,Pam,83.55
KATHY O & FRIENDS SALON,1002 W MAPLE,ENID,OK,73701,Michael,4509.56
KATHY'S,6601 N DOBBS RD,HARRAH,OK,73045,Michael,0
KB SALON,110 S 4TH ST,YUKON,OK,73099,Pam,93.97
KELLY PEARCE,1512 MEADOW LN DR,ARDMORE,OK,73401,Pam,1666.39
KELLY PRITCHARD,9624 N MAY AVE,OKLAHOMA CITY,OK,73120,Pam,1217.99
KHOA & COMPANY,211 N PERKINS ,STILLWATER,OK,74075,Michael,0
KIMI Q'S,130 NW 13TH,OKLAHOMA CITY,OK,73103,Pam,1421.16
KINGS,1127 SE 44TH,OKLAHOMA CITY,OK,73129,Pam,0
KIT KUTZ  LLC,3511 NORTH CLASSEN BLVD,OKLAHOMA CITY,OK,73118,Pam,448.54
KLASS CREATIONS,927 N FLOOD ,NORMAN,OK,73069,Vicki,41.28
KLASSIC KUTZ,633 N MUSTANG RD,MUSTANG,OK,73064,Pam,1879.64
KLIP IT UP,514 S WASHINGTON,STILLWATER,OK,74074,Michael,3403.62
KNOCK OUT,6401 NW EXPRESSWAY,OKLAHOMA CITY,OK,73132,Michael,0
KNOCKOUTS HAIRCUTS FOR MEN,6401 NW EXPRESSWAY,OKLAHOMA CITY,OK,73132,Pam,0
KRYSTAL'S,1217 W LONDON,EL RENO,OK,73036,Pam,0
KUT UPS,530 SW 4TH,MOORE,OK,73160,Vicki,666.76
KUTTIN UP,514 E JOHN WAY,MORRISON,OK,73061,Michael,0
KUTTING EDGE,105 S SOONER RD,DEL CITY,OK,73110,Vicki,179.49
KUTZ & CO,7634 N WESTERN,OKLAHOMA CITY,OK,73116,Pam,62.9
KWIK-CUTS,123 SE 4TH ,MOORE,OK,73160,Vicki,0
KYM & COMPANY,314 E 10TH ST,ADA,OK,74820,Vicki,5156.9
L & E SALON,2303 S I-35 FRONTAGE RD,MOORE,OK,73160,Vicki,1913.79
LA BELLA SALON,1701 AIRPORT DR,SHAWNEE,OK,74804,Vicki,505.26
LA BELLE SALON,907 NW 23RD ST,OKLAHOMA CITY,OK,73106,Michael,0
LA CARIBE SALON,2903 NW 36TH ,OKLAHOMA CITY,OK,73112,Michael,0
LA DAI'S BEAUTY MECCA,15013 BRISTOL PARK BLVD,EDMOND,OK,73013,Michael,45.54
LA FLEUR,2501 W MEMORIAL RD,OKLAHOMA CITY,OK,73134,Pam,0
LA RITZ,115 W MCELORY RD,STILLWATER,OK,74075,Michael,0
LADAI'S BEAUTY MECCA,15013 BRISTOL PARK BLVD,EDMOND,OK,73013,Michael,288.43
LAINEY'S BEAUTIQUE,913 SOUTH MAIN ST  ,STILLWATER,OK,74074,Michael,1352.79
LAKESIDE BARBER SHOP,7513 N MAY,OKLAHOMA CITY,OK,73116,Pam,0
LALO'S,3105 S WESTERN,OKLAHOMA CITY,OK,73129,Pam,139.49
LANKFORD & LANKFORD,4301 NW 63RD ,OKLAHOMA CITY,OK,73116,Michael,8490.91
LE FRINGE SALON & SPA,10 NE 10TH ST,OKLAHOMA CITY,OK,73104,Michael,645.92
LE FRINGE SALON & SPA,10 NE 10TH ST,OKLAHOMA CITY,OK,73104,Vicki,1097.26
LEGENDS HAIR STUDIO,1014 N VAN BUREN,ENID,OK,73703,Michael,3334.55
LEIGH AND CO,4400 MIDWAY,NORMAN,OK,73072,Vicki,126.55
LEVEL 7,1331 S WESTERN,STILLWATER,OK,74074,Michael,262.5
LEVEL 7 SALON,357 E MAIN,YUKON,OK,73099,Pam,762.27
LIFESTYLES,6060 S WESTERN,OKLAHOMA CITY,OK,73139,Pam,0
LILAC STUDIO,3325 FRENCH PARK DR ,EDMOND,OK,73034,Pam,2618.71
LINDA LEA'S CLIP JOINT,2805 S DIVISION,GUTHRIE,OK,73044,Michael,1198.84
LINDA'S HAIR DESIGNS,804 POLK,PIEDMONT,OK,73078,Pam,286.51
LINDA'S HAIR STYLE,900 SE 14TH,MOORE,OK,73160,Vicki,37.57
LINDAS SALON,805 GLENWOOD DR,MOORE,OK,73160,Vicki,0
LINDSAY HILL'S BEAUTY BAR,1489 E 15TH ST ,EDMOND,OK,73013,Michael,1900.21
LINDSEY LESLIE,13408 COUNTY RD ,ADA,OK,74820,Vicki,1214.39
LISA'S BELL DE JOUR,6506 N WESTERN AVE,OKLAHOMA CITY,OK,73116,Pam,47.3
LOC SALON,808 NW 50TH ST,OKLAHOMA CITY,OK,73118,Michael,5750.9
LOC SALON,808 NW 50TH ST,OKLAHOMA CITY,OK,73118,Pam,1573.31
LOLLIE'S BEAUTY BAR,279 NW 34TH AVE,NORMAN,OK,73072,Vicki,119.26
LONI'S HAIR EXPRESS,3200 HAYS,CLINTON,OK,73601,Pam,0
L'S BARBER SHOP,320 S CHOCTAW AVE,EL RENO,OK,73036,Pam,578.23
LUCKY MONKEY,116 MAIN,NORMAN,OK,73068,Vicki,0
LULU'S,3717 S WESTERN,OKLAHOMA CITY,OK,73109,Pam,127.83
LUPITA'S EST UNISEX,1215 SW 44TH,OKLAHOMA CITY,OK,73109,Pam,1200.39
LUX SALON,811 SW 19TH ST ,MOORE,OK,73160,Vicki,9609.42
M SALON,2751 NW EXPRESSWAY,OKLAHOMA CITY,OK,73112,Vicki,11.94
MAGIC HANDS,1600 E HWY 66,EL RENO,OK,73036,Pam,1803.55
MAGIC MIRROR,405 VANDAMENT,YUKON,OK,73099,Pam,0
MAGIC TOUCH SALON & TA,117 N JOHNSTON ST,ADA,OK,74820,Vicki,0
MAGIC WAND,3208 WILLOW LANE,NOBLE,OK,73068,Vicki,0
MAGNOLIA SALON,10461 N MAY AVE,OKLAHOMA CITY,OK,73120,Pam,1662.49
MAHIN'S,1900 NW EXPRESSWAY,OKLAHOMA CITY,OK,73118,Michael,109.79
MAIN STREET TAN N STYLE,3731 W MAIN,NORMAN,OK,73069,Vicki,404.21
MAKE ME BEAUTIFUL,720 S INDEPENDENCE,ENID,OK,73701,Michael,6635.52
MALORIE GULIKERS,239 W BRITTON,OKLAHOMA CITY,OK,73120,Pam,926.24
MAN ESCAPE,1346 CROWNPOINT,NORMAN,OK,73071,Vicki,16.79
MANE ATTRACTION,213 S MAIN,ELK CITY,OK,73644,Pam,342.75
MANE ATTRACTION,7007 NW EXPRWY,OKLAHOMA CITY,OK,73132,Michael,44.79
MANE CUTS,9511 N COUNCIL RD,OKLAHOMA CITY,OK,73162,Michael,111.37
MANE MAN,104 S MAIN,NOBLE,OK,73068,Vicki,0
MANE MAN 5 SALON,1100 E CONSTITUTION,NORMAN,OK,73071,Vicki,513.78
MANE MAN I,1215 W LINDSEY ST,NORMAN,OK,73069,Vicki,578.84
MANE MAN II,127 N PORTER,NORMAN,OK,73071,Vicki,181.43
MANE MAN III,129 24TH AVE NW,NORMAN,OK,73069,Vicki,458.92
MANE RESULTS,500 S ROSELINE AVE,DEL CITY,OK,73115,Vicki,321696
MANSION SALON,1610 N PENN,OKLAHOMA CITY,OK,73112,Pam,0
MANXSCAPE,2309 I-35 SERVICE RD,MOORE,OK,73160,Vicki,298.12
MARBELA'S HAIR SALON & DECOR,1045 SW 89TH ,OKLAHOMA CITY,OK,73139,Vicki,1211.58
MARGARITA'S SALON,12316 N MUSTANG RD,YUKON,OK,73099,Pam,180.36
MARI HOFFMAN SALON,820 W 4TH ST ,STILLWATER,OK,74074,Michael,64.57
MARIA'S BEAUTY SALON,5844 NW 50TH,OKLAHOMA CITY,OK,73122,Pam,311.21
MARIA'S SKIN CARE CLINIC,11914 N PENN  ,OKLAHOMA CITY,OK,73120,Pam,0
MARION KAY SALON,50 PENN PLACE,OKLAHOMA CITY,OK,73118,Pam,18.43
MARKETPLACE SALON,204 W MAIN ST,ADA,OK,74820,Vicki,13
MARLA'S SALON,2724 W 80TH,STILLWATER,OK,74074,Michael,0
MARY'S BEAUTY SALON,411 SUNSET DR,EL RENO,OK,73036,Pam,277.05
MASSIVE DOWNTOWN,301 E MAIN ST,NORMAN,OK,73071,Vicki,61.54
MASTER CUTS,111 S MAIN ST,HENNESSEY,OK,73742,Michael,132.37
MASTERS TOUCH,1328 N KELLY,EDMOND,OK,73003,Michael,7916.36
MATTHEW'S HAIR CENTER,904 ARLINGTON CENTER,ADA,OK,74820,Vicki,4154.54
MAYFAIR SALON,2824 NW 50TH,OKLAHOMA CITY,OK,73107,Michael,0
MAYFAIR WEST BARBER SHOP,4715 N MAY,OKLAHOMA CITY,OK,73112,Pam,58.22
MCK'S SHEAR PERFECTION,PO BOX 55,GLENCOE,OK,74032,Michael,0
MCMURRY'S HAIR DESIGNS,6051 N BROOKLINE,OKLAHOMA CITY,OK,73112,Pam,1023
MELODY'S,9212 N ROCKWELL ,OKLAHOMA CITY,OK,73132,Michael,312.02
MEME'S HAIR SHACK,4122 N PORTLAND RD,CRESCENT,OK,73028,Michael,0
MERCEDES SALON,1610 GORE BLVD,LAWTON,OK,73501,Vicki,0
MERIDIAN TECHNOLOGY CENTER,1312 S SANGRE RD,STILLWATER,OK,74074,Michael,6424.18
METRO TECH BEAUTY ACAD,329 SW 59TH,OKLAHOMA CITY,OK,73109,Pam,1097.71
METRO TECH BEAUTY ACADEMY,4901 S BRYANT AVENUE,OKLAHOMA CITY,OK,73129,Pam,538.17
MI AMOR STUDIO,1701 N BROADWAY AVE,OKLAHOMA CITY,OK,73103,Vicki,486.57
MI MI'S SALON,7427 NW 23RD ST,BETHANY,OK,73008,Michael,0
MICHAEL DORIO,1202 NORTH 21ST,GUTHRIE,OK,73044,Michael,546.97
MICHAEL'S HAIR DESIGN,10801 N QUAIL PLAZA DR ,OKLAHOMA CITY,OK,73120,Pam,31.63
MICHEAL'S HAIR DESIGN,10801 N QUAIL PLAZA DR ,OKLAHOMA CITY,OK,73120,Pam,702.71
MICHELE'S,401 W WOLF ST,MADILL,OK,73446,Vicki,0
MICHELLE GAMBARELLIS,305 SW 89TH STREET,OKLAHOMA CITY,OK,73139,Vicki,0
MICHELLE'S ESTETICA,230 SW 25TH,OKLAHOMA CITY,OK,73109,Pam,458.91
MID-AMERICA VO-TECH,27438 STATE HWY 59,WAYNE,OK,73095,Vicki,554.32
MID-DEL TECH CENTER,1621 MAPLE DR,MIDWEST CITY,OK,73110,Vicki,312.01
MILLENIUM,4510 NW 16TH,OKLAHOMA CITY,OK,73127,Michael,0
MIRAGE HAIR AND NAIL S,11212 N  MAY AVE,OKLAHOMA CITY,OK,73120,Pam,28.72
MIRROR IMAGE SALON,7737 W HEFNER RD,OKLAHOMA CITY,OK,73162,Pam,59.72
MISS LAVON'S BEAUTY SCHOOL,5501 S PENN AVE,OKLAHOMA CITY,OK,73119,Pam,580.78
MODA BELLA SALON,3705 W MEMORIAL RD ,OKLAHOMA CITY,OK,73134,Pam,415
MODERN ELEGANCE SALON,8121 S WESTERN ,OKLAHOMA CITY,OK,73139,Pam,485.47
MODERN HAIR,9511 N COUNCIL RD,OKLAHOMA CITY,OK,73162,Michael,157.32
MOORE NORMAN TECH,4701 12TH AVE NW,NORMAN,OK,73069,Vicki,853.5
MOORE NORMAN TECHNOLOGY,P O BOX 4701,NORMAN,OK,73070,Vicki,0
MORE THAN SKIN DEEP,604 W OHIO,COALGATE,OK,74838,Vicki,0
MORRISON STYLE SHOP,323 WOOLSEY,MORRISON,OK,73061,Michael,65.27
MYSTIQUE HAIR SALON,2244 W MAIN ST,NORMAN,OK,73069,Vicki,1774.05
N 2 HAIR,940 NW 70TH ST,OKLAHOMA CITY,OK,73116,Pam,466.52
N STYLE,13320 N PENN AVE,OKLAHOMA CITY,OK,73120,Pam,82.5
N STYLE SALON,2016 MAIN ST,WOODWARD,OK,73801,Pam,1753.22
N STYLE SALON & SPA,13320 N PENN AVE,OKLAHOMA CITY,OK,73120,Pam,14639.77
NAIL ARTISTRY,5909 NW EXPRESSWAY,OKLAHOMA CITY,OK,73132,Michael,0
NAIL EXPO,9105 SW 28TH,OKLAHOMA CITY,OK,73128,Pam,157.41
NAIL WORX,7622 N WESTERN,OKLAHOMA CITY,OK,73116,Pam,0
NAILS BY HOLLY,2627 CLASSEN ,NORMAN,OK,73071,Vicki,0
NAILS BY KARRI & SALON,2932 NW 122ND,OKLAHOMA CITY,OK,73120,Pam,27.5
NAILS BY REGINA,1333 FREDERICK DRIVE,OKLAHOMA CITY,OK,73159,Vicki,21.9
NANCY'S BEAUTY SALON,931 SW 25TH,OKLAHOMA CITY,OK,73109,Pam,17.94
NANTUCKET SALON,3100 W BRITTON RD ,OKLAHOMA CITY,OK,73120,Pam,4848.99
NA'S SPORT CUTS,9 W 15TH ST,EDMOND,OK,73013,Michael,191.85
NEETU MADAHAR,11613 ROCKY WAY,OKLAHOMA CITY,OK,73162,Michael,89.56
NELSON'S BARBER SHOP,116 E MONROE,CRESCENT,OK,73028,Michael,283.49
NEW CREATIONS SALON,9300 S PENN  ,OKLAHOMA CITY,OK,73159,Vicki,329.11
NEW IMAGE HAIR DESIGN,1093 S CORNWELL,YUKON,OK,73099,Pam,1864.29
NEW YOU FULL SPA,17200 N MAY,OKLAHOMA CITY,OK,73012,Pam,0
NICHOLS HILLS PLAZA ST,6484 AVONDALE DR,OKLAHOMA CITY,OK,73116,Pam,686.4
NICHOLS HILLS SALON & SPA,2833 W WILSHIRE BLVD,OKLAHOMA CITY,OK,73116,Pam,882.93
NIDIAS HAIR SALON,1603 SW 59TH,OKLAHOMA CITY,OK,73119,Pam,360.41
NIKO'S SALON,803 W 15TH ST,EDMOND,OK,73013,Michael,2520.23
NINA'S SALON,209 S CHICKASAW,PAULS VALLEY,OK,73075,Vicki,0
NOELIAS BEAUTY SALON,2918 N MACARTHUR,OKLAHOMA CITY,OK,73127,Pam,73.04
NOREEN'S SKIN CARE,10802 QUAIL PLAZA DR ,OKLAHOMA CITY,OK,73120,Pam,35.5
NUEVO ESTILO JAHYVER'S,2726 SW 44TH ST,OKLAHOMA CITY,OK,73159,Pam,0
NV SALON & SPA,204 W MAIN,ADA,OK,74820,Vicki,19900.63
NV THE SPALON,1701 E 2ND ST STE,EDMOND,OK,73034,Michael,0
O G'S PLACE,715 E MAIN,ADA,OK,74820,Vicki,394.75
OASIS,1349 W LINDSEY,NORMAN,OK,73069,Vicki,82.37
OBSSESSED OVER HAIR,7000 NW EXPRESSWAY,OKLAHOMA CITY,OK,73132,Michael,808.33
OKLAHOMA HEALTH ACADEMY,1939 N MOORE AVE,MOORE,OK,73160,Vicki,281.29
OLD TOWN FLOWER SHOP,100 MONROE NW,PIEDMONT,OK,73078,Pam,246.79
ON BROADWAY SALON,109 W MAIN,MOORE,OK,73160,Vicki,548.05
ONE CUT ABOVE,211 E MCELROY,STILLWATER,OK,74074,Michael,2352.15
ONE WILD HAIR,4232 SW 149TH,OKLAHOMA CITY,OK,73170,Vicki,690.42
OPHELIA'S HAIR DESIGN,40004 LAMAR DR,DEL CITY,OK,73115,Vicki,0
OPHELIA'S HAIR DESIGN,828 S AIR DEPOT,MIDWEST CITY,OK,73110,Vicki,291.6
OUTLOOK SALON,639 NW 7TH,MOORE,OK,73160,Vicki,0
OUTPOST GALLERY,RT 1 BOX 14,KINGFISHER,OK,73750,Michael,899.03
PALA HAIR SALON,3815 NW SANTA FE,OKLAHOMA CITY,OK,73103,Pam,465.55
PAM HENTHORN,11000 BLUE STEM DRIVE,OKLAHOMA CITY,OK,73162,Pam,507.51
PAN'S HAIR SENSATIONS,1001 W MEMORIAL ,OKLAHOMA CITY,OK,73114,Michael,328.98
PARADISE TAN,1020 N BROADWAY ,ADA,OK,74820,Vicki,169
PARK PLACE SALON,11524 NE 23RD ST,NICOMA PARK,OK,73066,Vicki,57.47
PARK SALON,12100 N MAY  ,OKLAHOMA CITY,OK,73120,Pam,1213.41
PATRICIA TARIN,608 1/2 N EVANS AVE,EL RENO,OK,73036,Pam,0
PAT'S CHAT & CURL,1609 13TH ST,WOODWARD,OK,73801,Pam,0
PAT'S PHASE II,120 N ROBINSON ,OKLAHOMA CITY,OK,73120,Vicki,239.49
PATTON'S,329 N VAN BUREN,ENID,OK,73701,Michael,4966.21
PAYNELESS IMAGE SALON,2401 WILCOX DR,NORMAN,OK,73069,Vicki,0
PERFECT CUTS,18OO S AIR DEPOT,MIDWEST CITY,OK,73110,Vicki,124.81
PERFECT IMAGE,8401 S WESTERN,OKLAHOMA CITY,OK,73139,Vicki,2415.27
PERFECT M SALON & SPA,1432 PIEDMONT RD N ,PIEDMONT,OK,73078,Pam,96.59
PHIL LOGSDONS SALON,3003 NW 63RD,OKLAHOMA CITY,OK,73116,Pam,0
PHOENIX SALON,122 NW 36TH,NORMAN,OK,73072,Vicki,349.37
PINE STREET,211 N PINE ST,GUTHRIE,OK,73044,Michael,0
PIT STOP,821 SE 4TH ST,MOORE,OK,73160,Vicki,0
PLATINUM SALON,704 N MAIN ST,STILLWATER,OK,74075,Michael,0
PLATINUM SOLO,110 E LAKEVIEW,STILLWATER,OK,74075,Michael,1029.52
PLUSH SALON & SPA,10400 S WESTERN,OKLAHOMA CITY,OK,73139,Vicki,82.77
PMAC ACADEMY,212 W PAUL AVE,PAULS VALLEY,OK,73075,Vicki,61.66
"PMHS-LR, LLC",3030 WILLIAM PEREIRA DRIVE,NORMAN,OK,73072,Vicki,51213.23
POLISHED BEAUTY BAR,1130 RAMBLING OAKS DR ,NORMAN,OK,73072,Vicki,4041.03
POLISHED IMAGE SALON,11212 N MAY ,OKLAHOMA CITY,OK,73120,Pam,352.65
PONTOTOC TECHNOLOGY,601 W 33RD,ADA,OK,74820,Vicki,898.08
POSH NAIL & SALON,7109 W HEFNER RD ,OKLAHOMA CITY,OK,73162,Pam,127.11
POSITIVE IMPRESSIONS,5900 NW 45TH ST,OKLAHOMA CITY,OK,73122,Michael,246.62
POSITIVELY YOU,9401 E RENO,MIDWEST CITY,OK,73110,Vicki,766.64
PRESTIGE,66 E 15TH ST,EDMOND,OK,73013,Michael,408.99
PURE SPA,3011 NW 63RD,OKLAHOMA CITY,OK,73116,Pam,53.8
QUAIL PLAZA BARBER SHOP,10940 N MAY,OKLAHOMA CITY,OK,73120,Pam,0
RACHEL ALVISO,1632 S STONEWALL,OKLAHOMA CITY,OK,73129,Vicki,33.12
RACHEL'S SALON & BARBER,107 N EASTERN AVE,MOORE,OK,73160,Vicki,38.8
RAPHEALA SALON & SPA,5908 W HEFNER RD,OKLAHOMA CITY,OK,73162,Pam,306.66
RAZMATAZZ,2308 W WILLOW,ENID,OK,73703,Michael,0
RAZORS EDGE,1220 MAIN ST,WOODWARD,OK,73801,Pam,0
RAZORZ,8911 SE 29TH ,MIDWEST CITY,OK,73130,Vicki,138.6
RED 7,8864 S WESTERN,OKLAHOMA CITY,OK,73139,Vicki,529.94
RED DOOR SALON,216 W HWY 152,MUSTANG,OK,73064,Pam,1075.62
REFLECTIONS SALON,904 MAIN ST,WOODWARD,OK,73801,Pam,2168.08
REFLEXIONS,211 N MAIN,RINGWOOD,OK,73768,Michael,0
RENAISSANCE,1044 N BROADWAY,EDMOND,OK,73013,Michael,53.32
RENAISSANCE SALON OF COALGATE,33 N MAIN,COALGATE,OK,74538,Vicki,0
RENUE SALON,2123 RIVERWALK DR,MOORE,OK,73160,Vicki,821.87
REVEL 8 SALON,201 NW 10TH ST,OKLAHOMA CITY,OK,73106,Michael,3514.15
REVEL8,201 NW 10TH ST ,OKLAHOMA CITY,OK,73103,Pam,62.37
REVIVE SALON,5500 N WESTERN,OKLAHOMA CITY,OK,73118,Michael,0
REX VII,714 SOUTH WESTERN,STILLWATER,OK,74074,Michael,3291.89
RHAINEY DAY SALON,721 S OAKWOOD RD ,ENID,OK,73703,Michael,324.69
RHINESTONE RAZOR,1608 W GORE,LAWTON,OK,73501,Vicki,0
RHODA HODGSEN,2800 N CLEVELAND ST,ENID,OK,73703,Michael,129
RHONDAVOUS SALON,4209 N MCARTHUR,OKLAHOMA CITY,OK,73122,Michael,217.61
RICHMOND SQUARE STYLE SHOP,4900 RICHMOND SQUARE DR,OKLAHOMA CITY,OK,73118,Pam,617.45
RICKY'S BEAUTY SALON,1035 SW 59TH,OKLAHOMA CITY,OK,73109,Pam,4884.22
RJ'S SALON & SPA,80 E 5TH ST,EDMOND,OK,73013,Michael,530.37
ROCHEL DION'S HAIR LOUNGE,1333 W BRITTON RD ,OKLAHOMA CITY,OK,73114,Pam,0
ROCK N SCISSOR SALON,2422 E HWY 37,TUTTLE,OK,73089,Vicki,182.76
ROCK PAPER SCISSOR HAIR STUDIO,1121 ELM AVE,NORMAN,OK,73072,Vicki,4401.07
ROCKCREEK STATION,907 JIM THORPE BLVD,PRAGUE,OK,74864,Vicki,0
ROCY'S,1135 N ROCKWELL,OKLAHOMA CITY,OK,73127,Pam,1092.84
ROOT 66,8372 NW 39TH EXPWY,BETHANY,OK,73008,Pam,989.63
ROOT 67,8372 NW 39TH EXPWY,BETHANY,OK,73008,Michael,149.36
ROOTS,306 N VAN BUREN,ELK CITY,OK,73644,Pam,2022.36
ROSA'S SALON,5844 NW 50TH,OKLAHOMA CITY,OK,73122,Pam,289.92
ROUGE,45 E 9TH ST,EDMOND,OK,73034,Michael,5393.15
ROYAL RAZOR BARBER SHOP,114 ROCK ISLAND AVE,EL RENO,OK,73036,Pam,0
RUMORS SALON & SPA,1615 STATE ST,EDMOND,OK,73013,Michael,22.55
RUTZ SALON,7301 N CLASSEN BLVD,OKLAHOMA CITY,OK,73116,Pam,5353.95
S R CHAS,705 S OAK WOOD ,ENID,OK,73703,Michael,774.74
S STUDIO SALON & DAY SPA,2528 W MEMORIAL RD,OKLAHOMA CITY,OK,73134,Michael,2845.95
SAFFRON SALON & SPA,2832 W WILSHIRE BLVD,OKLAHOMA CITY,OK,73116,Pam,2972.34
SALON & SPA ON SPRINGCREEK,1476 S BRYANT,EDMOND,OK,73034,Michael,12768.76
SALON 1062,1062 MULBERRY MANSION,YUKON,OK,73099,Pam,201.99
SALON 1104,1104 NW 50TH,OKLAHOMA CITY,OK,73118,Pam,679.32
SALON 120,120 E VANDAMENT,YUKON,OK,73099,Pam,195.2
SALON 152,1825 S MORGAN RD,OKLAHOMA CITY,OK,73128,Pam,97.35
SALON 180,4045 NW 64TH ,OKLAHOMA CITY,OK,73116,Pam,0
SALON 2821,2821 NW 57TH ST,OKLAHOMA CITY,OK,73116,Pam,0
SALON 724,724 W MAIN,YUKON,OK,73099,Pam,1272.83
SALON 9309,9309 N PENNSYLVANIA AVE,OKLAHOMA CITY,OK,73120,Pam,3953.6
SALON AVIGNON,418 E 2ND STREET,EDMOND,OK,73034,Michael,1203.67
SALON CHEVEUX,2350 N INTERSTATE DR,NORMAN,OK,73072,Vicki,745.78
SALON D'BELLA,5701 N WESTERN ,OKLAHOMA CITY,OK,73118,Pam,2437.66
SALON ECLIPSE,267 34TH AVE SW,NORMAN,OK,73072,Vicki,0
SALON ENDEAVOR,9101 S WESTERN ,OKLAHOMA CITY,OK,73139,Vicki,0
SALON ENVY,5021 N ROCKWELL AVE,BETHANY,OK,73008,Michael,1393.7
SALON ESCAPE,2814 SW 104TH ST,OKLAHOMA CITY,OK,73159,Vicki,2375.17
SALON ESCOTT,109 N BICKFORD,EL RENO,OK,73036,Pam,1680.03
SALON ESSENTIALS,3750 W MAIN,NORMAN,OK,73072,Vicki,1076.05
SALON EUPHORIA,106 N WENTZ,GUTHRIE,OK,73044,Michael,109.23
SALON EVOLVE,1046 E 2ND ST,EDMOND,OK,73034,Michael,60.35
SALON FRINGE,300 S RANCHWOOD BLVD,YUKON,OK,73099,Pam,1450.41
SALON GENESIS,2640 SW 28TH ST,OKLAHOMA CITY,OK,73109,Pam,1672.97
SALON HIGHLINE,4411 N HIGHLINE ,OKLAHOMA CITY,OK,73108,Pam,1667.47
SALON INFERNO,13316 S WESTERN,OKLAHOMA CITY,OK,73170,Vicki,588.08
SALON INFERNO-NORMAN,1328 N INTERSTATE DR,NORMAN,OK,73072,Vicki,973.47
SALON J,1119 E DAVIS,WEATHERFORD,OK,73096,Pam,3889.3
SALON KLEIO,1219 36TH AVE,NORMAN,OK,73072,Vicki,197.34
SALON LAKOTA,114 S MAIN,STILLWATER,OK,74075,Michael,4150.69
SALON LUXE,4401 W MEMORIAL RD,OKLAHOMA CITY,OK,73134,Pam,0
SALON MANE ATTRACTION,105 S ROCK ISLAND,EL RENO,OK,73036,Pam,151.21
SALON ON THE PLAZA,10938 N MAY AVE,OKLAHOMA CITY,OK,73120,Pam,42.31
SALON PARIS,1500 SW 89TH ST,OKLAHOMA CITY,OK,73159,Vicki,0
SALON PRODIGY,749 SW 89TH,OKLAHOMA CITY,OK,73139,Vicki,199.25
SALON ROUGE,3000 N MAY ,ALTUS,OK,73521,Vicki,0
SALON ROUGE,916 NW 32ND,NEWCASTLE,OK,73089,Vicki,132
SALON SENSATION,7876 S WESTERN,OKLAHOMA CITY,OK,73139,Vicki,76.09
SALON TANGLEZ,7901 NE 10TH ST,MIDWEST CITY,OK,73110,Vicki,0
SALON THERAPY,10320 S PENN ,OKLAHOMA CITY,OK,73159,Vicki,2973.96
SALON THREE-SIXTY,360 NW 24TH ,NORMAN,OK,73069,Vicki,8893.78
SALON W,7304 N WESTERN,OKLAHOMA CITY,OK,73116,Pam,11818.96
SALON WEST,11607 S WESTERN,OKLAHOMA CITY,OK,73170,Vicki,1945.74
SALON ZEN,104 S PORTER AVE,NORMAN,OK,73069,Vicki,562.1
SALONE BRIGATA,316 W EDMOND RD,EDMOND,OK,73003,Michael,0
SANDSTONE COTTAGE,1804 S DIVISION ST,GUTHRIE,OK,73044,Michael,85
SANDY'S FAMILY HAIR CUTTERS,510 S OAKWOOD,ENID,OK,73703,Michael,2778.36
SANTA FE SALON,2700 N SANTA FE,MOORE,OK,73160,Vicki,649.99
SASSY LOOKS,1213 SW 89TH,OKLAHOMA CITY,OK,73159,Vicki,141.07
SAVVY CUTS & COLORS,3926 COLLEGE,BETHANY,OK,73008,Michael,0
SCHARDEIN & COMPANY,9401 N MAY AVE,OKLAHOMA CITY,OK,73120,Pam,3157.95
SCISSOR TALK,4532 NW 50TH,OKLAHOMA CITY,OK,73122,Michael,60.52
SCISSOR TALK,505 1/2 FRISCO AVE,CLINTON,OK,73601,Pam,291.35
SCISSORTAILS,826 E 15TH AVE,STILLWATER,OK,74074,Michael,806.35
SCISSORTALE SALON,807 N HUDSON AVE,OKLAHOMA CITY,OK,73102,Michael,1153.19
SCIZZOR WORKS,1013 S MERIDIAN,OKLAHOMA CITY,OK,73108,Pam,548.38
SCOTT RISK HAIR STUDIO,2751 NW EXPRESSWAY,OKLAHOMA CITY,OK,73112,Vicki,216
SENERGY SALON,2123 N UNIVERSITY DR,NORMAN,OK,73069,Vicki,58.06
SERENDIPITY SALON,429 E STATE HWY 152,MUSTANG,OK,73064,Pam,3144.52
SERENITY NOW DAY SPA,116 N BROAD ,GUTHRIE,OK,73044,Michael,0
SERENITY PLACE DAY SPA,500 N FINANCIAL ,MUSTANG,OK,73064,Pam,0
SERENITY SALON & SPA,5699 SKYLAR RIDGE RD,PIEDMONT,OK,73078,Pam,0
SERENITY SPRINGS WELLNESS SPA,518 W MAPLE,ENID,OK,73701,Michael,438
SHABBY CHIC,1950A CHURCH AVE,HARRAH,OK,73045,Vicki,0
SHAGGY'S,861 S MUSTANG RD,YUKON,OK,73099,Vicki,20522.67
SHAMPOO SALON,7840 S WESTERN,OKLAHOMA CITY,OK,73139,Pam,1002.1
SHAPERS,513 W GRAY ST,NORMAN,OK,73069,Vicki,60.55
SHAPER'S,513 W GRAY ST,NORMAN,OK,73069,Vicki,72.06
SHAYLA SALON,3816 NW 23RD,OKLAHOMA CITY,OK,73107,Michael,163.81
SHEAR BLISS & MORE,36 W MEMORIAL ,OKLAHOMA CITY,OK,73114,Michael,2025.69
SHEAR BLYSS,1206 NW 12TH ST,MOORE,OK,73160,Vicki,1299
SHEAR CHAOS,5850 NW 72ND PL,OKLAHOMA CITY,OK,73132,Michael,9.63
SHEAR CLASS,907 E 35TH,SHAWNEE,OK,74804,Vicki,3007.5
SHEAR EXTREME,9130 S WALKER,OKLAHOMA CITY,OK,73139,Vicki,69.33
SHEAR IMAGE,16317 M SANTA FE,EDMOND,OK,73013,Michael,0
SHEAR INSPIRATIONS,2509 N VAN BUREN,ENID,OK,73703,Michael,1926.71
SHEAR LUCKEY STYLING SALON,712 E 6TH ST ,STILLWATER,OK,74074,Michael,41.99
SHEAR MADDNESS,1312 S MORGAN RD,OKLAHOMA CITY,OK,73128,Pam,0
SHEAR MAGIK,802 W MAINE AVE ,ENID,OK,73701,Michael,126.72
SHEAR PERFECTION,10613 S WESTERN,OKLAHOMA CITY,OK,73170,Vicki,2639.93
SHEAR PERFECTIONS,2231 NE 23RD ST,OKLAHOMA CITY,OK,73111,Vicki,155.25
SHEAR SENSATION,113 N 2ND ST,GUTHRIE,OK,73044,Michael,0
SHEAR SENSATIONS,312 S. MIDWEST BLVD,MIDWEST CITY,OK,73110,Vicki,175.75
SHEAR SHACK,209 W MAIN,TUTTLE,OK,73089,Vicki,0
SHERRI AND COMPANY,109 S BROADWAY,EDMOND,OK,73034,Michael,261.73
SHINE SALON,1016 S MAIN ST,STILLWATER,OK,74074,Michael,1086.65
SHIRAL'S ULTIMATE LOOKS,4330 SE 29TH ST ,DEL CITY,OK,73115,Vicki,414.1
SHOP 2201,2201 BELLVIEW DR,OKLAHOMA CITY,OK,73112,Pam,1871.98
SIGNATURE SALON,711 SW B AVE,LAWTON,OK,73507,Vicki,0
SILVER LEAF SALON,609 S KELLY ,EDMOND,OK,73003,Michael,0
SIMPLY DIVINE,11026 N ROCKWELL AVE,OKLAHOMA CITY,OK,73162,Pam,1579.44
SIMPLY SHEAR SALON,543 E STATE HWY 152 ,MUSTANG,OK,73064,Pam,2880.04
SIMPLY YOU,1533 N HARRISON ST,SHAWNEE,OK,74804,Vicki,0
SLIM'S HAIR CENTER,214 ODOR ST,ARCADIA,OK,73007,Michael,0
SOLUTIONS,105 N MAIN,NOBLE,OK,73533,Vicki,0
SOLUTIONS,201 W OAK ST,BINGER,OK,73009,Pam,640.9
SOLVEY'S BEAUTY SALON,5830 S AGNEW AVE,OKLAHOMA CITY,OK,73119,Pam,0
SONDRA'S,RT 1 BOX 271,PAULS VALLEY,OK,73075,Vicki,45.1
SONG & FONG HAIR SALON,10721 N MAY ,OKLAHOMA CITY,OK,73120,Pam,748.09
SONGS SALON,1912 S BOULEVARD,EDMOND,OK,73013,Michael,1457.6
SOPHISTI-CUTS,3910 N COLLEGE AVE,BETHANY,OK,73008,Michael,547.22
SOS SALON,215 S CZECH HALL RD,YUKON,OK,73099,Pam,16.92
SPLASH OF COLOR,3225 SW 66TH ST,OKLAHOMA CITY,OK,73159,Pam,449.64
SPLIT ENDZ,2630 W BRITTON RD,OKLAHOMA CITY,OK,73114,Pam,0
SPLIT PERSONALITY,206 S HOY,BUFFALO,OK,73834,Vicki,1921.98
SPORT CLIPS OK202,1118 E 2ND ST,EDMOND,OK,73034,Vicki,174.43
SPORT CLIPS OK203,2410 W MEMORIAL RD ,OKLAHOMA CITY,OK,73134,Vicki,0
SPORT CLIPS-OK201,670 ED NOBLE PARKWAY,NORMAN,OK,73072,Vicki,0
SPORT CLIPS-OK202,1118 E 2ND ST,EDMOND,OK,73034,Vicki,0
SPORT CLIPS-OK204,7640 NW EXPRESSWAY,OKLAHOMA CITY,OK,73132,Vicki,0
SPORT CLIPS-OK205,1771 GARTH BROOKS BLVD,YUKON,OK,73099,Vicki,0
SPORT CLIPS-OK206,5932 SW 4TH TERRACE,OKLAHOMA CITY,OK,73128,Vicki,0
SPORT CLIPS-OK207,7201 SE 29TH ST,OKLAHOMA CITY,OK,73110,Vicki,0
SPORT CLIPS-OK208,1428 24TH AVE NW ,NORMAN,OK,73069,Vicki,0
SPORT CLIPS-SOUTH OKLAHOMA CITY,10440 S WESTERN,OKLAHOMA CITY,OK,73139,Vicki,0
STAR SALON,109 W MAIN,MOORE,OK,73160,Vicki,54
STARLITE HAIR SALON,719 NW 23RD ST,OKLAHOMA CITY,OK,73103,Michael,2393.85
STATE BARBER COLLEGE,2514 S AGNEW AVE,OKLAHOMA CITY,OK,73108,Pam,0
STUDIO 110,110 THOMPSON DR,NORMAN,OK,73069,Vicki,2938.44
STUDIO 122,2932 NW  122ND ,OKLAHOMA CITY,OK,73120,Pam,449.16
STUDIO 128,7508 WEGNER WAY,OKLAHOMA CITY,OK,73162,Pam,23.65
STUDIO 14,1016 MAIN ST,WOODWARD,OK,73801,Pam,1129.12
STUDIO 180,7901 NE 10TH,MIDWEST CITY,OK,73110,Vicki,519.23
STUDIO 221 SALON,221 W MAIN ST,PURCELL,OK,73080,Vicki,186
STUDIO 5,3140 W BRITTON RD,OKLAHOMA CITY,OK,73120,Pam,59.96
STUDIO 51,416 E JACK CHOATE,HENNESSEY,OK,73742,Michael,2935.14
STUDIO 66,211 S 4TH ST ,YUKON,OK,73099,Pam,40.61
STUDIO 750,750 W DANFORTH,EDMOND,OK,73003,Michael,0
STUDIO 77,1310 W HWY 77,PERRY,OK,73077,Michael,2079.88
STUDIO 824,824 SW 134TH ST,OKLAHOMA CITY,OK,73170,Vicki,2293.89
STUDIO 9,30 E 9TH,EDMOND,OK,73034,Michael,94.14
STUDIO ELAN,2300 S BROADWAY,EDMOND,OK,73013,Michael,280.04
STUDIO GRAND,7612 N MAY AVE,OKLAHOMA CITY,OK,73116,Pam,13096.35
STUDIO M,1824 NW 146TH STREET,EDMOND,OK,73013,Michael,248.26
STUDIO ONE,6850 NW 23RD,BETHANY,OK,73008,Michael,553.44
STUDIO SORELLE,5500 N WESTERN ,OKLAHOMA CITY,OK,73118,Pam,0
STUDIO TWO-O-ONE,201 W WILL ROGERS DR,KINGFISHER,OK,73750,Michael,2602.65
STUDIO ZEN,737 ASP AVE,NORMAN,OK,73069,Vicki,2270.8
STYLES BY MICHAEL,1415 NE 30TH,OKLAHOMA CITY,OK,73111,Pam,0
STYLES UNLIMITED,2114 S PENN,OKLAHOMA CITY,OK,73159,Vicki,0
SUBURBIA SALON,1600 E 19TH ST ,EDMOND,OK,73013,Michael,159.89
SUGAR & SHEARS,4117 NW 122ND,OKLAHOMA CITY,OK,73120,Pam,0
SUNSET HOUSE,804 SUNSET DR,EDMOND,OK,73003,Michael,194.1
SUPER HAIR & NAILS SALON,1211 N BROADWAY,MOORE,OK,73160,Vicki,0
SUPERIOR SALON & SPA,1231 SW 89TH ST,OKLAHOMA CITY,OK,73139,Vicki,0
SUPERIOR SPA & SALON,1231 SW 89TH ST,OKLAHOMA CITY,OK,73139,Vicki,613.13
SUSAN'S BARBER & STYLE,3308 SUNNYLANE RD,OKLAHOMA CITY,OK,73115,Vicki,44.76
SWEENEY TODD BARBER SHOP,609 S MAIN,STILLWATER,OK,74074,Michael,0
SYLVIA'S WIG WAM,12704 ST ANDREWS TERRACE,OKLAHOMA CITY,OK,73120,Pam,483.18
TAKE 5,580 BUCHANAN,NORMAN,OK,73069,Vicki,10.72
TALEYA PECK,106 S COUNTY ROAD,HUNTER,OK,74640,Michael,0
TANGLES,1323 E DANFORTH,EDMOND,OK,73034,Michael,15853.94
TANGLES HAIR STUDIO,1621 S I-35 SERVICE RD,MOORE,OK,73160,Vicki,3706.5
TAYLOR BELCHER,105 N MAIN,NOBLE,OK,73068,Vicki,257
TAYLOR TOPPER,4700 NW 23RD,OKLAHOMA CITY,OK,73127,Michael,520.17
TAYLORED HAIR DESIGN,10024 KAY RIDGE DR,YUKON,OK,73099,Pam,674.85
TEAM HAIR CUT,16606 N PENNSYLVANIA AVE,EDMOND,OK,73012,Michael,382.44
TEXTURE SALON,6512 NW EXPRESSWAY,OKLAHOMA CITY,OK,73132,Michael,117.31
THE ACADEMY OF HAIR DESIGN,11920 N MAY AVE,OKLAHOMA CITY,OK,73120,Pam,438.4
THE ALLDRIDGE,200 S BROADWAY,ADA,OK,74820,Vicki,0
THE BARBER SALON,120 N ROBINSON AVE,OKLAHOMA CITY,OK,73102,Vicki,0
THE BARBER SHOP,2705 N COUNCIL RD,BETHANY,OK,73127,Michael,0
THE BARBERY,733 ASP AVE,NORMAN,OK,73069,Vicki,512.57
THE BEAUTY CENTER,1213 PIEDMONT RD N,PIEDMONT,OK,73078,Pam,1883.41
THE BLONDE SALON,1108 PECAN HILL ST,STILLWATER,OK,74074,Michael,0
THE BOUTIQUE SALON,1024 N BROADWAY,ADA,OK,74820,Vicki,539.53
THE COLOR STUDIO,6051 N BROOK LINE ,OKLAHOMA CITY,OK,73112,Pam,544.93
THE COMMONS,301 S OAKWOOD,ENID,OK,73703,Michael,0
THE CONVENT,4300 W MEMORIAL RD,OKLAHOMA CITY,OK,73120,Pam,0
THE COYOTE UGLY SALON,8952 S WESTERN,OKLAHOMA CITY,OK,73139,Vicki,0
THE CUTT COMPANY,5710 E RENO,MIDWEST CITY,OK,73110,Vicki,1704.8
THE CUTTING EDGE,6917 E HWY 37,TUTTLE,OK,73089,Vicki,0
THE CUTTING EDGE SALON,1149 W 15TH,EDMOND,OK,73003,Michael,81
THE EMPORIUM SALON,516 FRISCO AVE,CLINTON,OK,73601,Pam,0
THE FUNKY MONKEY,305 E MAIN ST,MOORE,OK,73160,Vicki,150
THE GATHERING,6501 S WESTERN,OKLAHOMA CITY,OK,73139,Vicki,0
THE GUILD SALON,2001 S DOUGLAS BLVD,MIDWEST CITY,OK,73130,Vicki,381.88
THE HAIR CAFE,1120 N WALKER,OKLAHOMA CITY,OK,73103,Vicki,0
THE HAIR DESIGN STUDIO,1651 S PORTLAND,GUTHRIE,OK,73044,Michael,0
THE HAIR DOCTOR SALON,1083 N HARRAH ROAD,HARRAH,OK,73045,Vicki,180
THE HAIR FIRM LTD,2210 W WILLOW,ENID,OK,73703,Michael,0
THE HAIR GALLERY,1302 N KEY BLVD,MIDWEST CITY,OK,73110,Vicki,0
THE HAIR HOUSE,112 E 8TH ST,STILLWATER,OK,74074,Michael,434.18
THE HAIR SHAK,319 W 12TH ST,ADA,OK,74820,Vicki,426.16
THE HAIR SMITHS,205 N MAIN,BLANCHARD,OK,73010,Vicki,109.95
THE HAIR STOP,12700 W HWY 33,GUTHRIE,OK,73044,Michael,0
THE HAIR STORE,1108 NW 51ST ST,OKLAHOMA CITY,OK,73118,Pam,1460.65
THE HAIRXPERT,1370 N INTERSTATE ,NORMAN,OK,73072,Vicki,113.11
THE HAIRY COCONUT,11425 NE 23RD ST,CHOCTAW,OK,73020,Vicki,78.64
THE LOFT SALON & SPA,708 W 15TH ,EDMOND,OK,73013,Michael,47.3
THE LOOK HAIR DESIGNER,2833 SW 119TH,OKLAHOMA CITY,OK,73170,Vicki,9782.72
THE MAKE UP BAR,7646 N WESTERN AVE,OKLAHOMA CITY,OK,73116,Pam,1519.94
THE MANE EVENT,1340 4TH AVE NW,ARDMORE,OK,73401,Pam,204
THE MELVIN YORK SALON,402 W WALNUT,ENID,OK,73701,Michael,3863.33
THE NAILER,4117 NW 122ND ,OKLAHOMA CITY,OK,73120,Pam,420.16
THE PALMS,906 W MAIN,NORMAN,OK,73069,Vicki,256.99
THE PRISTINE SALON & SPA,103 NW MONROE AVE ,PIEDMONT,OK,73078,Pam,4470.86
THE RAGE HAIR SALON,2203 W MAIN ,NORMAN,OK,73069,Vicki,0
THE REFLECTION ROOM,115 S BICKFORD,EL RENO,OK,73036,Pam,13.18
THE SALON,1413 S VAN BUREN,ENID,OK,73703,Michael,0
THE SALON,1963 W LINDSEY,NORMAN,OK,73069,Vicki,818.26
THE SALON @ ROCKCREEK,2346 N INTERSTATE DR,NORMAN,OK,73072,Vicki,83.38
THE SALON AT COFFEE CREEK,775 W COVELL,EDMOND,OK,73003,Michael,1725.41
THE SALON ETC,300 N RENNIE,ADA,OK,74820,Vicki,7127.18
THE SCULPTUR KUT,1225 W MAIN ST  ,NORMAN,OK,73069,Vicki,503.56
THE SHOP,7829 NW 94TH,OKLAHOMA CITY,OK,73162,Pam,37.44
THE SHOPPE,305 N 7TH,PERRY,OK,73077,Michael,1064.76
THE SILVER CLIPPER,OSU STUDENT UN ,STILLWATER,OK,74078,Michael,843.82
THE SMITH SHOP,106 S CRAWFORD,NORMAN,OK,73069,Vicki,4965.56
THE SPOT SALON,717 W MAIN ST,YUKON,OK,73099,Pam,1744.61
THE SPOTTED ZEBRA,5801 W BRITTON RD ,OKLAHOMA CITY,OK,73162,Pam,1127.38
THE STUDIO,2315 DOWNS AVE,WOODWARD,OK,73801,Pam,3851.51
THE STUDIO,3325 FRENCH PARK DR ,EDMOND,OK,73034,Pam,0
THE TAILORED LOOK,2434 N JANEWAY,MOORE,OK,73160,Vicki,636.66
THE THREE GRACES SALON & SPA,7108 N WESTERN AVE ,OKLAHOMA CITY,OK,73116,Pam,7494.18
THE TRANSITION,764 ASP AVE,NORMAN,OK,73069,Vicki,318.86
THE VAN CLEEF'S SALON LLC,6452 AVONDALE DR,OKLAHOMA CITY,OK,73116,Pam,6578.85
THE VANITY BOX SALON,1220 N MAIN ST ,NEWCASTLE,OK,73065,Vicki,0
THE VINE,424 S DUCK,STILLWATER,OK,74074,Michael,12239.96
THE WILD MOOSE,115 CHERRYWOOD DR,MIDWEST CITY,OK,73110,Vicki,0
THE ZEBRA RANCH,100 E MAIN ST,HINTON,OK,73047,Pam,1535.6
THREE GENERATIONS,809 S LOWRY,STILLWATER,OK,74074,Michael,0
TIANA'S SALON,3411 N CLASSEN,OKLAHOMA CITY,OK,73118,Michael,1342.57
TIFFANY'S,139 S MAIN ST,STILLWATER,OK,74074,Michael,0
TIFFANY'S II,4806 N PERKINS RD ,STILLWATER,OK,74075,Michael,363.87
TIF'S FLAIR 4 HAIR,PO BOX 535,SEILING,OK,73663,Pam,2310.04
TINA'S HAIR & NAILS,1501 S SUNNYLANE,DEL CITY,OK,73115,Vicki,75.72
TIP N ENDS,108 E COLLEGE,WEATHERFORD,OK,73096,Pam,0
TJ'S CUT & STYLE,3124 N CLASSEN BLVD,OKLAHOMA CITY,OK,73118,Pam,596.42
TLC SALON,2700 N 27TH ST,MOORE,OK,73160,Vicki,55.55
TOMMIE JEAN'S SALON,7814 NW 94TH ST ,OKLAHOMA CITY,OK,73162,Pam,29.03
TONIC THE SALON,6433 N OLIE,OKLAHOMA CITY,OK,73116,Pam,5356.61
TONY FOSS DESIGN GROUP,7610 N MAY AVE,OKLAHOMA CITY,OK,73116,Pam,3931
TOP CUT FAMILY #4,627 NE 12TH AVE ,NORMAN,OK,73071,Vicki,402.41
TOP CUT FAMILY #5,1640 S SOONER RD ,OKLAHOMA CITY,OK,73110,Vicki,0
TOUCH OF CLASS,520 S CHICKASAW,PAULS VALLEY,OK,73075,Vicki,0
TOWER SALON,1601 NW EXPRESSWAY ,OKLAHOMA CITY,OK,73118,Pam,3117.02
TOWN N COUNTRY,2814 NW 32ND,NEWCASTLE,OK,73065,Vicki,203.54
TRACEY BOURLAND,2921 SW 111TH ST,OKLAHOMA CITY,OK,73170,Vicki,85.78
TRANQUILITY SALON & SPA,2000 W GRANT ,PAULS VALLEY,OK,73075,Vicki,5515.58
TRANSFORMATION,123 SE 4TH ST ,MOORE,OK,73160,Vicki,1438.34
TRENDS SALON,1251 S FRETZ AVE ,EDMOND,OK,73003,Michael,555.9
TRENDS SALON,207 W MAIN ST,WEATHERFORD,OK,73096,Pam,1300.24
TRENZ SALON & DAY SPA,14900 S WESTERN AVE,OKLAHOMA CITY,OK,73170,Vicki,836.85
TRESSES SALON & TANNING,10089 N 2410 RD,WEATHERFORD,OK,73096,Pam,1507.67
TRICHOLOGY SALON,14101 N MAY AVE ,OKLAHOMA CITY,OK,73134,Pam,10120.52
TRISTA TORRES,1003 SW,MINCO,OK,73059,Vicki,0
TRU COLORZ,4125 W OWEN K GARRIOTT ,ENID,OK,73703,Michael,154.44
T'S HOT HEADS,612 22ND ST,WOODWARD,OK,73801,Pam,0
TUCKER'S BARBER SHOP,7108 SE 15TH ST,MIDWEST CITY,OK,73110,Vicki,98.93
TWIN CUTS,2007 S SANTA FE,MOORE,OK,73160,Vicki,28.33
TWISTED SCISSORS,9105 S MAY,OKLAHOMA CITY,OK,73159,Vicki,580.65
UNIQUE COIFFURES,5900 NW 49TH ST,WARR ACRES,OK,73122,Michael,0
UNIQUELY U SALON & SPA,3705 W MEMORIAL ,OKLAHOMA CITY,OK,73134,Pam,244.45
UNWIND,119 N BROADWAY AVE,ADA,OK,74820,Vicki,59.73
UPTOWN HAIR & SPA,7911 W HEFNER RD ,OKLAHOMA CITY,OK,73162,Pam,0
URBAN HAIR & SKINCARE,211 N ROBINSON AVE ,OKLAHOMA CITY,OK,73102,Vicki,403.71
URBAN MODE,5758 NW EXPRESSWAY,OKLAHOMA CITY,OK,73132,Michael,530.72
URBAN RETREAT,5 S BROADWAY,EDMOND,OK,73034,Michael,9142
V SALON,17460 NE 23RD ST,CHOCTAW,OK,73020,Vicki,651.8
VADONNA SALON,544 E MEMORIAL RD,OKLAHOMA CITY,OK,73114,Michael,525
VALLEY GALS,323 W PAUL,PAULS VALLEY,OK,73075,Vicki,300.68
VELVET MONKEY,317 N WALKER,OKLAHOMA CITY,OK,73102,Vicki,100.52
VELVET MONKEY PLAZA SALON,1701 NW 16TH ST,OKLAHOMA CITY,OK,73106,Michael,514.17
VELVET MONKEY SALON TOO,3003 NW 63RD ST,OKLAHOMA CITY,OK,73116,Pam,393.58
VELVET MONKEY-DOWNTOWN,317 N WALKER,OKLAHOMA CITY,OK,73102,Vicki,0
VERONICA'S HAIR DESIGN,2707 S W 29TH,OKLAHOMA CITY,OK,73119,Pam,0
VICKI PATTERSON,8408 PRAIRIE RIDGE RD,OKLAHOMA CITY,OK,73135,Vicki,108.78
VICKI'S HAIR & NAIL SALON,SANTA FE PLAZA,OKLAHOMA CITY,OK,73102,Vicki,0
VIDA SALON & SPA,1825 S MORGAN RD,OKLAHOMA CITY,OK,73128,Pam,0
VILLAGE HEADQUARTERS,10966 N MAY AVE,OKLAHOMA CITY,OK,73120,Pam,705.75
VIP SALON,13512 N EASTERN AVE  ,OKLAHOMA CITY,OK,73131,Michael,2488.68
WANDA'S HAIR & BEAUTY,124 W JOY,PAULS VALLEY,OK,73075,Vicki,0
WAVELENGTHS,303 W HALL OF FAME,STILLWATER,OK,74074,Michael,2120.67
WAYNE'S KUT-N-UP,1312 S MORGAN RD,OKLAHOMA CITY,OK,73128,Pam,102.7
WAYNE'S SALON,501 S MUSTANG RD ,YUKON,OK,73099,Pam,2580.01
WEBB & CO,1046 E 2ND,EDMOND,OK,73034,Michael,191.86
WEST 117 SALON,11704 S WESTERN,OKLAHOMA CITY,OK,73170,Vicki,98.88
WEST GATE SALON,9414 WEST GATE DR,OKLAHOMA CITY,OK,73162,Michael,10390.13
WESTEND HAIR CO,1012 W 10TH ST,ADA,OK,74820,Vicki,6802.21
WESTHAVEN,2826 COUNTRY CLUB DR,OKLAHOMA CITY,OK,73120,Pam,3006.66
WHITE BARN SALON & SPA,2020 E LAKEVIEW,STILLWATER,OK,74075,Michael,0
WHITES BARBER SHOP,2412 N PORTLAND AVE,OKLAHOMA CITY,OK,73107,Michael,0
WILD HAIR RANCH,711 W MAIN,YUKON,OK,73099,Pam,1194.95
WILD HAIR SALON,110 N BROADWAY ,KONAWA,OK,74849,Vicki,0
WILDFLOWER SALON,1701 E 2ND ST ,EDMOND,OK,73034,Michael,3166.16
WILSON HAIR ART GALLERY,7914 N MAY AVE,OKLAHOMA CITY,OK,73120,Pam,1577.12
WINDSOR HILL BARBER,4559 A WINDSOR MALL,OKLAHOMA CITY,OK,73127,Michael,106.86
WINDSOR HILL BEAUTY ACADEMY,5400 NW 23RD STE ,OKLAHOMA CITY,OK,73127,Michael,0
WINGS OF DESIRE,2315 N HUDSON,OKLAHOMA CITY,OK,73103,Michael,0
WOOD ON WESTERN HAIR DESIGN,4511 N WESTERN,OKLAHOMA CITY,OK,73118,Pam,968.31
WOODWARD BEAUTY COLLEGE,502 TEXAS,WOODWARD,OK,73801,Pam,6658.1
YOUR BEAUTY SOURCE,228 S BRYANT,EDMOND,OK,73034,Michael,17303.5
YOUR TIME SALON,1333 E MAIN,WEATHERFORD,OK,73096,Pam,0
YUKON BEAUTY COLLEGE,221 W MAIN ST,YUKON,OK,73099,Pam,138.85
Z SALON,11201 N MAY AVE,OKLAHOMA CITY,OK,73120,Pam,17.04
ZOE AND COMPANY,1017 NW 41ST ST,OKLAHOMA CITY,OK,73118,Pam,125.23
